local-authority-type-name,official-name,local-authority-code,s1_gov,s2_m&a,s3_c&a,s4_coms,s5_mset,s6_cb,s7_dsi,s8_est,s9_ee,raw_total,weighted_total,la_deprivation_score,council-quintile,pop_bucket,region,ruc_cluster,political_control
Non-metropolitan district,Somerset West and Taunton Council,SWT,0.8095238095238095,1.0,1.0,0.9,1.0,1.0,1.0,1.0,1.0,0.9367088607594937,0.9564285714285714,19.150645011765462,2.0,140k - 160k,South West,Urban with rural areas,Liberal Democrat
Combined authority,West Midlands Combined Authority,WMCA,0.8571428571428571,0.9444444444444444,1.0,0.9,0.8,1.0,0.8,0.8,1.0,0.8961038961038961,0.8952380952380954,,,,West Midlands,,
Metropolitan district,Manchester City Council,MAN,0.9047619047619048,1.0,0.8571428571428571,0.8,0.6,1.0,0.8,1.0,1.0,0.8987341772151899,0.8742857142857144,39.82080742975592,1.0,440k - 640k,North West,Urban,Labour
Non-metropolitan district,Staffordshire Moorlands District Council,STF,0.7142857142857143,0.6111111111111112,1.0,1.0,0.8,1.0,1.0,1.0,0.75,0.810126582278481,0.8663095238095239,15.05308802763244,3.0,90k - 100k,West Midlands,Urban with rural areas,Coalition/Minority
Unitary authority,Telford & Wrekin Council,TFW,0.8571428571428571,0.8888888888888888,1.0,0.7,1.0,0.75,0.6,1.0,1.0,0.8607594936708861,0.8644047619047618,25.003029585107925,3.0,140k - 210k,West Midlands,Urban,Labour
Metropolitan district,Solihull Metropolitan Borough Council,SOL,0.7619047619047619,0.8333333333333334,1.0,0.9,0.8,1.0,0.4,1.0,0.75,0.8227848101265823,0.8317857142857144,17.46025083420373,4.0,210k - 290k,West Midlands,Urban,Conservative
Scottish unitary authority,City of Edinburgh Council,EDH,0.9523809523809523,0.8888888888888888,1.0,0.7,0.8,0.75,0.4,1.0,0.75,0.8481012658227848,0.8261904761904763,14.740814454864983,5.0,440k - 640k,Scotland,Urban,Coalition/Minority
Metropolitan district,Newcastle City Council,NET,0.7619047619047619,0.8888888888888888,0.8571428571428571,0.9,0.8,1.0,0.8,0.6,0.75,0.8227848101265823,0.8186904761904764,29.949040297866723,1.0,290k - 410k,North East,Urban,Labour
Unitary authority,Wiltshire Council,WIL,0.6190476190476191,0.9444444444444444,0.7142857142857143,1.0,0.8,1.0,0.8,0.6,1.0,0.810126582278481,0.811666666666667,13.427684331152092,5.0,440k - 640k,South West,Urban with rural areas,Conservative
London borough,London Borough of Hammersmith & Fulham,HMF,0.8095238095238095,1.0,0.7142857142857143,0.8,1.0,1.0,0.2,1.0,0.75,0.8354430379746836,0.8060714285714285,22.30692933570268,3.0,140k - 210k,London,Urban,Labour
Unitary authority,South Gloucestershire Council,SGC,0.5714285714285714,0.8333333333333334,0.7142857142857143,0.9,1.0,1.0,0.8,0.8,0.75,0.7721518987341772,0.8003571428571429,11.674253573395344,5.0,210k - 290k,South West,Urban,Conservative
Unitary authority,Wokingham Borough Council,WOK,1.0,0.5555555555555556,0.7142857142857143,0.9,0.8,1.0,0.4,1.0,1.0,0.810126582278481,0.7954761904761906,5.83357479882421,5.0,140k - 210k,South East,Urban,Conservative
London borough,London Borough of Southwark,SWK,0.7619047619047619,0.9444444444444444,0.5714285714285714,0.9,1.0,0.75,0.6,0.8,0.75,0.810126582278481,0.7916666666666666,25.7353338236678,3.0,290k - 410k,London,Urban,Labour
London borough,London Borough of Richmond upon Thames,RIC,0.7142857142857143,0.7222222222222222,0.7142857142857143,1.0,0.8,1.0,0.8,0.6,0.75,0.7721518987341772,0.7801190476190477,9.421518096748294,5.0,140k - 210k,London,Urban,Liberal Democrat
Non-metropolitan district,East Devon District Council,EDE,0.5714285714285714,1.0,0.7142857142857143,0.9,0.8,1.0,0.4,0.8,1.0,0.7848101265822784,0.777857142857143,12.854684203330512,4.0,140k - 160k,South West,Rural,Coalition/Minority
London borough,London Borough of Lewisham,LEW,0.7142857142857143,0.6111111111111112,1.0,0.8,0.6,1.0,0.8,0.8,0.75,0.7468354430379747,0.776309523809524,26.743396368059315,2.0,290k - 410k,London,Urban,Labour
Unitary authority,Isle of Wight Council,IOW,0.5714285714285714,0.9444444444444444,0.7142857142857143,0.8,0.8,1.0,0.6,0.8,1.0,0.7721518987341772,0.7745238095238096,23.348529798054614,3.0,140k - 210k,South East,Urban with rural areas,Coalition/Minority
Unitary authority,Nottingham City Council,NGM,0.6666666666666666,0.8333333333333334,0.8571428571428571,0.6,1.0,1.0,0.4,1.0,0.75,0.759493670886076,0.7710714285714285,34.85831456293183,1.0,290k - 410k,East Midlands,Urban,Labour
Non-metropolitan district,Stroud District Council,STO,0.7142857142857143,0.8333333333333334,1.0,1.0,0.8,0.75,0.2,0.6,0.75,0.7721518987341772,0.767142857142857,10.83640144543363,5.0,120k - 130k,South West,Urban with rural areas,Coalition/Minority
Non-metropolitan district,Waverley Borough Council,WAE,0.8571428571428571,0.9444444444444444,0.8571428571428571,0.9,0.8,1.0,0.0,0.6,0.75,0.810126582278481,0.7613095238095239,7.510415956874173,5.0,120k - 130k,South East,Urban with rural areas,Coalition/Minority
Scottish unitary authority,Glasgow City Council,GLG,0.7619047619047619,0.6111111111111112,0.8571428571428571,0.8,0.6,1.0,0.4,1.0,1.0,0.7468354430379747,0.7545238095238096,31.648102194411365,1.0,440k - 640k,Scotland,Urban,Coalition/Minority
Unitary authority,Reading Borough Council,RDG,0.6666666666666666,0.8888888888888888,0.5714285714285714,0.8,0.8,1.0,0.6,0.8,0.75,0.759493670886076,0.7465476190476191,19.74339741624429,4.0,140k - 210k,South East,Urban,Labour
London borough,London Borough of Brent,BEN,0.6666666666666666,0.7777777777777778,0.8571428571428571,0.7,0.4,1.0,0.8,0.8,0.75,0.7341772151898734,0.7377380952380953,25.64994414912166,3.0,290k - 410k,London,Urban,Labour
London borough,London Borough of Ealing,EAL,0.5714285714285714,0.5555555555555556,1.0,1.0,0.8,0.5,0.4,0.8,0.75,0.6835443037974683,0.731547619047619,22.775640901564035,3.0,290k - 410k,London,Urban,Labour
Unitary authority,Northumberland County Council,NBL,0.8095238095238095,0.5555555555555556,0.8571428571428571,0.9,0.8,0.5,0.2,0.8,1.0,0.7215189873417721,0.7233333333333334,22.037287147137093,3.0,290k - 410k,North East,Urban with rural areas,Coalition/Minority
Non-metropolitan district,Maidstone Borough Council,MAI,0.9523809523809523,0.8333333333333334,1.0,0.9,0.4,1.0,0.2,0.2,0.75,0.7848101265822784,0.7203571428571429,16.69350193218721,3.0,170k - 250k,South East,Urban with rural areas,Conservative
Non-metropolitan district,West Devon Borough Council,WDE,0.7619047619047619,0.6111111111111112,0.8571428571428571,0.9,0.8,1.0,0.4,0.4,0.75,0.7215189873417721,0.7170238095238096,18.216201914115707,2.0,50k - 80k,South West,Sparse and rural,Coalition/Minority
Unitary authority,Leicester City Council,LCE,0.9047619047619048,0.8333333333333334,0.8571428571428571,1.0,0.8,0.75,0.0,0.2,0.75,0.7721518987341772,0.7142857142857142,30.85077790324767,1.0,290k - 410k,East Midlands,Urban,Labour
Non-metropolitan district,Sedgemoor District Council,SEG,0.6190476190476191,1.0,0.5714285714285714,0.7,0.6,1.0,0.2,1.0,1.0,0.7468354430379747,0.7135714285714286,21.39409499261231,2.0,120k - 130k,South West,Urban with rural areas,Conservative
Metropolitan district,Leeds City Council,LDS,0.6666666666666666,0.6111111111111112,0.7142857142857143,0.7,0.8,1.0,0.6,0.8,0.75,0.6962025316455697,0.7113095238095238,27.68480163502235,2.0,800k - 1140k,Yorkshire and The Humber,Urban,Labour
Unitary authority,Medway Council,MDW,0.6666666666666666,0.7222222222222222,0.7142857142857143,0.8,1.0,1.0,0.0,1.0,0.5,0.7088607594936709,0.7104761904761905,24.06391908269791,3.0,210k - 290k,South East,Urban,Conservative
Non-metropolitan district,Mendip District Council,MEN,0.7619047619047619,1.0,0.42857142857142855,0.8,0.8,1.0,0.4,0.4,1.0,0.7721518987341772,0.7085714285714286,16.576491811362875,3.0,110k - 120k,South West,Urban with rural areas,Liberal Democrat
Scottish unitary authority,Fife Council,FIF,0.7142857142857143,0.8333333333333334,0.5714285714285714,0.7,0.8,1.0,0.4,1.0,0.25,0.7215189873417721,0.7053571428571429,19.78818836267257,4.0,290k - 410k,Scotland,Urban with rural areas,Coalition/Minority
Non-metropolitan district,Woking Borough Council,WOI,0.5238095238095238,0.9444444444444444,0.8571428571428571,0.8,1.0,0.75,0.0,0.6,0.75,0.7088607594936709,0.7038095238095238,10.854296121754489,5.0,90k - 100k,South East,Urban,Coalition/Minority
Scottish unitary authority,East Lothian Council,ELN,0.5714285714285714,1.0,1.0,0.8,0.4,0.75,0.0,0.8,0.75,0.7215189873417721,0.7007142857142857,15.870007448689842,5.0,0k - 140k,Scotland,Rural,Coalition/Minority
Welsh unitary authority,City of Cardiff Council,CRF,0.6666666666666666,0.8888888888888888,0.8571428571428571,0.9,0.6,1.0,0.0,0.4,1.0,0.7341772151898734,0.696904761904762,26.461858941027483,2.0,290k - 410k,Wales,Urban,Labour
London borough,London Borough of Haringey,HRY,0.7142857142857143,0.6111111111111112,0.8571428571428571,0.7,1.0,0.5,0.4,0.6,0.75,0.6835443037974683,0.6948809523809524,28.13070552807215,2.0,210k - 290k,London,Urban,Labour
Unitary authority,Cornwall Council,CON,0.7142857142857143,0.9444444444444444,0.7142857142857143,0.8,0.6,0.75,0.2,0.6,0.75,0.7341772151898734,0.6909523809523809,23.063352023779,3.0,440k - 640k,South West,Rural,Conservative
Non-metropolitan district,South Derbyshire District Council,SDE,0.9523809523809523,0.5,0.8571428571428571,0.8,1.0,0.25,0.4,0.4,0.5,0.6962025316455697,0.6839285714285714,14.22996728540662,3.0,110k - 120k,East Midlands,Urban with rural areas,Coalition/Minority
London borough,London Borough of Newham,NWM,0.42857142857142855,0.4444444444444444,0.7142857142857143,1.0,0.8,1.0,0.6,0.8,0.5,0.620253164556962,0.6830952380952381,29.404628489468603,2.0,290k - 410k,London,Urban,Labour
Unitary authority,Dorset Council,DST,0.5714285714285714,0.8888888888888888,0.8571428571428571,0.9,0.2,1.0,0.0,0.8,1.0,0.7088607594936709,0.6826190476190477,15.779218880446384,5.0,290k - 410k,South West,Urban with rural areas,Conservative
Non-metropolitan district,North Kesteven District Council,NKE,0.7142857142857143,1.0,0.7142857142857143,0.6,1.0,0.75,0.4,0.2,0.5,0.7215189873417721,0.6767857142857143,11.54939548389856,5.0,110k - 120k,East Midlands,Rural,Coalition/Minority
Unitary authority,Plymouth City Council,PLY,0.7142857142857143,0.4444444444444444,0.8571428571428571,0.7,0.8,0.5,0.2,1.0,0.75,0.6455696202531646,0.6698809523809524,26.74908324303701,2.0,210k - 290k,South West,Urban,Coalition/Minority
Non-metropolitan district,Fareham Borough Council,FAR,0.7142857142857143,0.8888888888888888,0.42857142857142855,0.8,1.0,0.5,0.4,0.4,0.75,0.7088607594936709,0.6672619047619048,9.041302986243148,5.0,110k - 120k,South East,Urban,Conservative
Scottish unitary authority,Perth and Kinross Council,PKN,0.6190476190476191,0.7777777777777778,0.7142857142857143,0.8,0.8,1.0,0.2,0.4,0.75,0.6835443037974683,0.6641666666666667,14.10236408898576,5.0,140k - 210k,Scotland,Sparse and rural,Coalition/Minority
Unitary authority,Cheshire East Council,CHE,0.7619047619047619,0.6666666666666666,0.7142857142857143,0.9,1.0,1.0,0.0,0.2,0.75,0.6962025316455697,0.6639285714285714,14.555192822112083,5.0,290k - 410k,North West,Urban,Coalition/Minority
Unitary authority,Slough Borough Council,SLG,0.6190476190476191,0.9444444444444444,0.5714285714285714,0.7,0.8,0.75,0.2,0.6,0.75,0.6962025316455697,0.6602380952380952,22.9328652458556,3.0,140k - 210k,South East,Urban,Labour
Non-metropolitan district,South Hams District Council,SHA,0.7142857142857143,0.5555555555555556,0.5714285714285714,0.9,1.0,1.0,0.0,0.6,0.75,0.6708860759493671,0.6586904761904763,13.78448118477312,4.0,80k - 90k,South West,Rural,Conservative
London borough,London Borough of Hounslow,HNS,0.7142857142857143,0.5555555555555556,0.8571428571428571,0.8,0.4,0.75,0.4,0.8,0.25,0.6455696202531646,0.6490476190476191,21.56090331942413,3.0,210k - 290k,London,Urban,Labour
Non-metropolitan district,West Suffolk Council,WSK,0.8095238095238095,0.6666666666666666,0.7142857142857143,0.7,0.8,0.75,0.0,0.6,0.75,0.6835443037974683,0.6485714285714285,16.214400346281668,3.0,170k - 250k,East of England,Urban with rural areas,Conservative
Non-metropolitan district,Tonbridge and Malling Borough Council,TON,0.6190476190476191,0.7222222222222222,0.8571428571428571,0.8,0.8,1.0,0.2,0.2,0.5,0.6582278481012658,0.6447619047619049,13.53495895666387,4.0,120k - 130k,South East,Urban with rural areas,Conservative
Non-metropolitan district,Reigate and Banstead Borough Council,REI,0.47619047619047616,0.9444444444444444,0.8571428571428571,0.8,0.6,0.5,0.0,0.6,0.75,0.6582278481012658,0.6441666666666667,11.256638986742676,5.0,140k - 160k,South East,Urban,Conservative
Non-metropolitan district,Cambridge City Council,CAB,0.47619047619047616,0.7222222222222222,0.8571428571428571,0.8,0.8,0.75,0.6,0.0,0.75,0.6329113924050633,0.6433333333333332,14.692452715588384,3.0,120k - 130k,East of England,Urban,Labour
Metropolitan district,Trafford Metropolitan Borough Council,TRF,0.6190476190476191,0.6111111111111112,0.8571428571428571,0.7,0.8,0.0,0.2,1.0,0.5,0.620253164556962,0.643095238095238,16.14333361982523,5.0,210k - 290k,North West,Urban,Labour
Non-metropolitan district,Mole Valley District Council,MOL,0.6666666666666666,0.9444444444444444,0.8571428571428571,0.6,0.6,0.75,0.0,0.6,0.5,0.6835443037974683,0.6427380952380951,9.516454157831392,5.0,80k - 90k,South East,Urban with rural areas,Liberal Democrat
Unitary authority,Bristol City Council,BST,0.7142857142857143,0.7777777777777778,0.14285714285714285,0.6,1.0,1.0,0.2,1.0,0.75,0.6835443037974683,0.6427380952380951,26.38432331125628,2.0,440k - 640k,South West,Urban,Coalition/Minority
Non-metropolitan district,Swale Borough Council,SWL,0.6190476190476191,0.7222222222222222,0.8571428571428571,0.7,0.8,1.0,0.4,0.0,0.75,0.6582278481012658,0.6422619047619048,27.5989311243187,1.0,140k - 160k,South East,Urban with rural areas,Coalition/Minority
Unitary authority,Central Bedfordshire Council,CBF,0.7619047619047619,0.6111111111111112,1.0,0.5,0.8,0.5,0.2,0.6,0.5,0.6455696202531646,0.640952380952381,12.23531766372883,5.0,290k - 410k,East of England,Urban with rural areas,Conservative
Scottish unitary authority,Stirling Council,STG,0.42857142857142855,0.5555555555555556,0.8571428571428571,0.8,1.0,0.5,0.0,0.8,0.75,0.5949367088607594,0.6386904761904763,15.683261274448258,5.0,0k - 140k,Scotland,Urban with rural areas,Coalition/Minority
Scottish unitary authority,Dundee City Council,DND,0.5238095238095238,0.7777777777777778,0.5714285714285714,0.6,0.8,1.0,0.6,0.4,0.75,0.6455696202531646,0.6384523809523809,27.71066427298519,2.0,140k - 210k,Scotland,Urban,Coalition/Minority
London borough,London Borough of Wandsworth,WND,0.47619047619047616,0.6111111111111112,0.8571428571428571,0.8,0.8,0.5,0.0,0.8,0.75,0.6075949367088608,0.6341666666666667,16.635101126253875,4.0,290k - 410k,London,Urban,Conservative
Unitary authority,Brighton and Hove City Council,BNH,0.47619047619047616,0.7222222222222222,0.42857142857142855,0.8,0.8,0.75,0.4,0.6,1.0,0.6329113924050633,0.631547619047619,20.88944106433815,4.0,290k - 410k,South East,Urban,Coalition/Minority
County,Somerset County Council,SOM,0.47619047619047616,1.0,0.6,0.8,0.6,1.0,0.0,0.4,1.0,0.6753246753246753,0.6314285714285715,18.36161709366019,1.0,under 800k,South West,,Conservative
Non-metropolitan district,Surrey Heath Borough Council,SUR,0.5714285714285714,0.9444444444444444,0.8571428571428571,0.7,0.6,0.5,0.0,0.6,0.5,0.6582278481012658,0.6309523809523808,8.153045697329375,5.0,80k - 90k,South East,Urban,Conservative
London borough,Royal Borough of Greenwich,GRE,0.7619047619047619,0.6111111111111112,0.7142857142857143,0.5,0.8,0.75,0.2,0.8,0.5,0.6455696202531646,0.6305952380952381,24.31790858575688,3.0,290k - 410k,London,Urban,Labour
Non-metropolitan district,Torridge District Council,TOR,0.6190476190476191,0.5555555555555556,0.8571428571428571,0.9,0.8,0.5,0.0,0.4,0.75,0.620253164556962,0.6222619047619048,23.23329084330643,1.0,50k - 80k,South West,Sparse and rural,Coalition/Minority
Unitary authority,Darlington Borough Council,DAL,0.7619047619047619,0.6111111111111112,0.8571428571428571,0.6,0.4,0.75,0.4,0.4,0.75,0.6455696202531646,0.6195238095238096,25.716202110427613,3.0,0k - 140k,North East,Urban,Coalition/Minority
Metropolitan district,Sandwell Metropolitan Borough Council,SAW,0.7619047619047619,0.7222222222222222,0.42857142857142855,0.7,0.4,1.0,0.0,1.0,0.75,0.6708860759493671,0.6194047619047619,35.1011244420764,1.0,290k - 410k,West Midlands,Urban,Labour
London borough,London Borough of Camden,CMD,0.6666666666666666,0.3333333333333333,0.8571428571428571,0.7,0.8,1.0,0.2,0.6,0.5,0.5949367088607594,0.6185714285714287,20.026171159394,4.0,210k - 290k,London,Urban,Labour
London borough,London Borough of Islington,ISL,0.7142857142857143,0.4444444444444444,0.7142857142857143,0.9,0.8,0.5,0.2,0.4,0.75,0.620253164556962,0.618452380952381,27.448605092651764,2.0,210k - 290k,London,Urban,Labour
Strategic Regional Authority,Greater London Authority,GLA,0.42857142857142855,0.6666666666666666,0.5714285714285714,0.8,0.6,1.0,0.6,0.4,0.75,0.6075949367088608,0.6174999999999999,,,,London,,
London borough,London Borough of Harrow,HRW,0.6190476190476191,0.7222222222222222,0.7142857142857143,0.3,0.8,0.5,0.4,0.8,0.75,0.620253164556962,0.6158333333333333,15.122929423475082,5.0,210k - 290k,London,Urban,Labour
Non-metropolitan district,Exeter City Council,EXE,0.47619047619047616,0.5,0.8571428571428571,0.7,0.6,0.75,0.4,0.6,0.75,0.5822784810126582,0.6149999999999999,16.23229110003424,3.0,120k - 130k,South West,Urban,Labour
London borough,Royal Borough of Kensington and Chelsea,KEC,0.42857142857142855,0.7222222222222222,0.7142857142857143,0.4,0.6,1.0,0.6,0.8,0.5,0.5949367088607594,0.6147619047619047,21.22988761857184,3.0,140k - 210k,London,Urban,Conservative
Unitary authority,West Berkshire Council,WBK,0.6190476190476191,0.6666666666666666,0.5714285714285714,0.8,0.6,0.75,0.0,0.8,0.75,0.6329113924050633,0.6135714285714285,10.021977734301045,5.0,140k - 210k,South East,Urban with rural areas,Conservative
Unitary authority,Blackpool Borough Council,BPL,0.47619047619047616,0.5555555555555556,0.5714285714285714,1.0,0.6,0.5,0.2,0.8,0.75,0.5949367088607594,0.6129761904761905,45.4870572551382,1.0,0k - 140k,North West,Urban,Coalition/Minority
London borough,London Borough of Croydon,CRY,0.5238095238095238,0.4444444444444444,0.7142857142857143,0.6,0.6,1.0,0.6,0.6,0.75,0.5822784810126582,0.6098809523809524,22.67567225828142,3.0,290k - 410k,London,Urban,Labour
Non-metropolitan district,Canterbury City Council,CAT,0.5714285714285714,0.6111111111111112,1.0,0.5,0.6,1.0,0.2,0.4,0.75,0.6075949367088608,0.6098809523809524,16.837653010387317,3.0,170k - 250k,South East,Urban,Conservative
Non-metropolitan district,South Ribble Borough Council,SRI,0.42857142857142855,0.7222222222222222,0.7142857142857143,0.7,0.8,0.75,0.0,0.8,0.5,0.5949367088607594,0.6072619047619049,15.383548245297328,3.0,110k - 120k,North West,Urban,Coalition/Minority
Metropolitan district,Salford City Council,SLF,0.2857142857142857,0.8333333333333334,0.5714285714285714,0.7,0.8,1.0,0.2,0.6,0.75,0.5949367088607594,0.6060714285714285,34.33304038495719,1.0,210k - 290k,North West,Urban,Labour
Metropolitan district,Sunderland City Council,SND,0.3333333333333333,0.8888888888888888,0.8571428571428571,0.8,0.6,1.0,0.2,0.4,0.0,0.5949367088607594,0.6019047619047619,30.691123656397966,1.0,210k - 290k,North East,Urban,Labour
Unitary authority,Swindon Borough Council,SWD,0.6190476190476191,0.5555555555555556,0.8571428571428571,0.9,1.0,0.0,0.0,0.6,0.0,0.5822784810126582,0.5997619047619047,18.612303996975594,4.0,210k - 290k,South West,Urban,Conservative
Non-metropolitan district,Folkestone and Hythe District Council,SHE,0.7142857142857143,0.5555555555555556,0.8571428571428571,0.6,0.6,1.0,0.2,0.2,0.75,0.620253164556962,0.596547619047619,24.00731373676944,1.0,110k - 120k,South East,Urban with rural areas,Coalition/Minority
Non-metropolitan district,Elmbridge Borough Council,ELM,0.47619047619047616,0.9444444444444444,0.8571428571428571,0.5,0.8,0.5,0.0,0.6,0.25,0.6075949367088608,0.5941666666666667,7.925309792024567,5.0,140k - 160k,South East,Urban,Coalition/Minority
Metropolitan district,Bury Metropolitan Borough Council,BUR,0.47619047619047616,1.0,0.2857142857142857,0.6,0.6,1.0,0.4,0.6,0.5,0.6329113924050633,0.5892857142857143,24.021824629561763,3.0,140k - 210k,North West,Urban,Labour
Metropolitan district,Wakefield Metropolitan District Council,WKF,0.7142857142857143,0.3888888888888889,1.0,0.7,0.4,0.75,0.2,0.2,1.0,0.5949367088607594,0.5879761904761905,27.36930997209398,2.0,290k - 410k,Yorkshire and The Humber,Urban with rural areas,Labour
Non-metropolitan district,Thanet District Council,THA,0.47619047619047616,0.6666666666666666,0.7142857142857143,0.8,0.2,1.0,0.2,0.6,0.75,0.5949367088607594,0.5860714285714286,31.44299463085357,1.0,140k - 160k,South East,Urban,Coalition/Minority
Unitary authority,Herefordshire Council,HEF,0.47619047619047616,0.6111111111111112,0.8571428571428571,0.9,1.0,0.0,0.0,0.2,0.75,0.569620253164557,0.5841666666666666,18.9162387332016,4.0,140k - 210k,West Midlands,Sparse and rural,Coalition/Minority
Scottish unitary authority,Scottish Borders Council,SCB,0.47619047619047616,0.7777777777777778,0.5714285714285714,0.5,0.6,0.75,0.4,0.6,0.75,0.5949367088607594,0.5838095238095239,16.001783137460148,5.0,0k - 140k,Scotland,Sparse and rural,Coalition/Minority
Unitary authority,Durham County Council,DUR,0.7619047619047619,0.5555555555555556,0.8571428571428571,0.5,0.8,1.0,0.0,0.4,0.25,0.6075949367088608,0.5836904761904762,26.55317817028678,2.0,440k - 640k,North East,Rural,Coalition/Minority
Non-metropolitan district,Babergh District Council,BAB,0.6666666666666666,0.7222222222222222,0.7142857142857143,0.7,0.4,0.5,0.0,0.6,0.75,0.620253164556962,0.5829761904761904,14.249898724412194,3.0,80k - 90k,East of England,Rural,Coalition/Minority
Non-metropolitan district,Mid Suffolk District Council,MSU,0.6666666666666666,0.7222222222222222,0.7142857142857143,0.7,0.4,0.5,0.0,0.6,0.75,0.620253164556962,0.5829761904761904,13.20040702632465,4.0,90k - 100k,East of England,Sparse and rural,Coalition/Minority
Non-metropolitan district,Epping Forest District Council,EPP,0.5238095238095238,0.6111111111111112,0.5714285714285714,0.6,0.6,1.0,0.6,0.4,0.5,0.5822784810126582,0.580952380952381,15.119727965129965,3.0,120k - 130k,East of England,Urban with rural areas,Conservative
Combined authority,Greater Manchester Combined Authority,GMCA,0.2857142857142857,0.8333333333333334,0.4,0.7,0.8,1.0,0.2,0.6,0.75,0.5844155844155844,0.5803571428571429,,,,North West,,
Non-metropolitan district,Mid Devon District Council,MDE,0.42857142857142855,0.5555555555555556,0.7142857142857143,0.6,0.8,0.75,0.2,0.6,0.75,0.5569620253164557,0.5797619047619048,16.886664637776242,3.0,80k - 90k,South West,Rural,Coalition/Minority
Non-metropolitan district,Lewes District Council,LEE,0.8095238095238095,0.5,0.7142857142857143,0.6,1.0,0.0,0.2,0.4,0.5,0.5949367088607594,0.5785714285714286,15.767609298136886,3.0,90k - 100k,South East,Urban with rural areas,Coalition/Minority
Unitary authority,Bedford Borough Council,BDF,0.6190476190476191,0.6666666666666666,0.8571428571428571,0.7,0.4,0.5,0.0,0.6,0.5,0.5949367088607594,0.5764285714285714,18.85785826235487,4.0,140k - 210k,East of England,Urban with rural areas,Coalition/Minority
County,North Yorkshire County Council,NYK,0.6190476190476191,0.4444444444444444,0.6,0.7,0.8,0.5,0.2,0.8,0.25,0.5584415584415584,0.5720238095238095,12.28742067398787,2.0,under 800k,Yorkshire and The Humber,,Conservative
Non-metropolitan district,South Somerset District Council,SSO,0.5238095238095238,1.0,0.5714285714285714,0.6,0.4,1.0,0.0,0.4,0.75,0.6329113924050633,0.5717857142857142,17.368434720365926,2.0,170k - 250k,South West,Rural,Liberal Democrat
London borough,London Borough of Redbridge,RDB,0.5238095238095238,0.4444444444444444,0.7142857142857143,0.6,0.4,1.0,0.4,0.6,0.75,0.5569620253164557,0.5698809523809524,17.327725432635923,4.0,290k - 410k,London,Urban,Labour
London borough,City of Westminster,WSM,0.5238095238095238,0.5555555555555556,0.42857142857142855,0.8,0.6,0.75,0.4,0.6,0.5,0.569620253164557,0.5686904761904762,19.99017473413517,4.0,210k - 290k,London,Urban,Conservative
County,Cambridgeshire County Council,CAM,0.5238095238095238,0.6666666666666666,0.8,0.6,0.8,0.0,0.0,0.6,0.75,0.5584415584415584,0.5660714285714286,13.87909014791817,2.0,under 800k,East of England,,Coalition/Minority
Scottish unitary authority,East Dunbartonshire Council,EDU,0.38095238095238093,0.5555555555555556,0.8571428571428571,0.4,0.2,0.75,0.6,0.8,0.75,0.5316455696202531,0.564047619047619,11.536573703262087,5.0,0k - 140k,Scotland,Urban,Coalition/Minority
Non-metropolitan district,Allerdale Borough Council,ALL,0.6190476190476191,0.6666666666666666,0.42857142857142855,0.5,0.6,0.5,0.4,0.8,0.5,0.5822784810126582,0.5621428571428572,22.83795865426909,1.0,90k - 100k,North West,Rural,Coalition/Minority
Scottish unitary authority,West Dunbartonshire Council,WDU,0.5238095238095238,0.5555555555555556,1.0,0.8,0.4,0.0,0.0,0.6,0.5,0.5443037974683544,0.5569047619047619,28.878325797253176,2.0,0k - 140k,Scotland,Urban,Coalition/Minority
Unitary authority,Southend-on-Sea Borough Council,SOS,0.5714285714285714,0.6666666666666666,1.0,0.3,0.2,1.0,0.2,0.6,0.5,0.569620253164557,0.5557142857142857,22.6453823453925,3.0,140k - 210k,East of England,Urban,Coalition/Minority
Non-metropolitan district,Epsom and Ewell Borough Council,EPS,0.47619047619047616,0.7777777777777778,0.8571428571428571,0.5,0.4,0.5,0.0,0.6,0.75,0.569620253164557,0.5541666666666666,8.925314063527107,5.0,80k - 90k,South East,Urban,Independent
Non-metropolitan district,Three Rivers District Council,THE,0.2857142857142857,0.7777777777777778,0.42857142857142855,0.9,1.0,0.75,0.2,0.0,0.75,0.5569620253164557,0.5538095238095238,9.92761804699806,5.0,80k - 90k,East of England,Urban,Liberal Democrat
Non-metropolitan district,Ashford Borough Council,ASF,0.42857142857142855,0.6111111111111112,0.8571428571428571,0.8,0.2,1.0,0.2,0.2,0.75,0.5569620253164557,0.5520238095238095,18.67323294266027,2.0,120k - 130k,South East,Urban with rural areas,Conservative
London borough,London Borough of Bromley,BRY,0.6666666666666666,0.3888888888888889,0.7142857142857143,0.6,0.8,0.75,0.2,0.2,0.75,0.5569620253164557,0.5504761904761906,14.260273503321942,5.0,290k - 410k,London,Urban,Conservative
Non-metropolitan district,Blaby District Council,BLA,0.5238095238095238,0.5555555555555556,0.5714285714285714,0.7,1.0,0.5,0.0,0.6,0.25,0.5443037974683544,0.5501190476190476,10.57832027263952,5.0,90k - 100k,East Midlands,Urban with rural areas,Conservative
Non-metropolitan district,Gravesham Borough Council,GRA,0.5714285714285714,0.6111111111111112,0.7142857142857143,0.6,0.4,1.0,0.2,0.4,0.5,0.569620253164557,0.5495238095238095,21.763743236798533,2.0,110k - 120k,South East,Urban with rural areas,Labour
Non-metropolitan district,Dacorum Borough Council,DAC,0.7142857142857143,0.5,0.7142857142857143,0.6,0.8,0.25,0.0,0.4,0.75,0.569620253164557,0.5492857142857143,13.080439459043832,4.0,140k - 160k,East of England,Urban,Conservative
Non-metropolitan district,Basingstoke and Deane Borough Council,BAN,0.6190476190476191,0.4444444444444444,0.8571428571428571,0.6,0.8,0.5,0.0,0.4,0.5,0.5443037974683544,0.5480952380952381,12.875384240749336,4.0,170k - 250k,South East,Urban with rural areas,Conservative
Non-metropolitan district,Sevenoaks District Council,SEV,0.47619047619047616,0.7777777777777778,0.7142857142857143,0.7,0.4,1.0,0.2,0.0,0.75,0.5822784810126582,0.5477380952380951,12.399868215320913,4.0,120k - 130k,South East,Urban with rural areas,Conservative
Non-metropolitan district,West Lancashire Borough Council,WLA,0.6190476190476191,0.5,0.8571428571428571,0.6,1.0,0.5,0.0,0.2,0.25,0.5443037974683544,0.5439285714285714,18.646326509544554,2.0,110k - 120k,North West,Urban with rural areas,Coalition/Minority
Non-metropolitan district,Carlisle City Council,CAR,0.6666666666666666,0.2777777777777778,0.7142857142857143,0.7,1.0,0.75,0.0,0.4,0.25,0.5316455696202531,0.5438095238095237,21.83732466552569,2.0,110k - 120k,North West,Urban with rural areas,Conservative
London borough,Royal Borough of Kingston upon Thames,KTT,0.3333333333333333,0.9444444444444444,0.42857142857142855,0.9,0.4,0.5,0.2,0.4,0.5,0.569620253164557,0.5409523809523811,11.478030449503398,5.0,140k - 210k,London,Urban,Liberal Democrat
Unitary authority,Cheshire West and Chester Council,CHW,0.5238095238095238,0.7222222222222222,0.42857142857142855,0.7,0.6,0.5,0.4,0.2,0.75,0.569620253164557,0.5386904761904762,18.115142197970684,4.0,290k - 410k,North West,Urban with rural areas,Coalition/Minority
Metropolitan district,Wirral Borough Council,WRL,0.5714285714285714,0.6111111111111112,0.8571428571428571,0.5,0.6,0.5,0.2,0.4,0.25,0.5443037974683544,0.5384523809523809,29.79318516963931,2.0,290k - 410k,North West,Urban,Coalition/Minority
County,Suffolk County Council,SFK,0.6190476190476191,0.3333333333333333,0.8,0.7,0.8,0.5,0.0,0.4,0.5,0.5194805194805194,0.5378571428571429,18.19023282634615,1.0,under 800k,East of England,,Conservative
County,Kent County Council,KEN,0.47619047619047616,0.5555555555555556,0.8,0.7,0.6,1.0,0.2,0.0,0.5,0.5324675324675324,0.5347619047619048,14.426059486901496,2.0,1m +,South East,,Conservative
Scottish unitary authority,North Lanarkshire Council,NLK,0.6666666666666666,0.6666666666666666,0.42857142857142855,0.4,0.6,0.25,0.6,0.4,0.75,0.569620253164557,0.5342857142857143,26.274587041110216,2.0,290k - 410k,Scotland,Urban,Coalition/Minority
County,Hampshire County Council,HAM,0.47619047619047616,0.8333333333333334,0.6,0.7,0.6,0.75,0.0,0.2,0.5,0.5714285714285714,0.5339285714285714,12.75520572244617,2.0,1m +,South East,,Conservative
Non-metropolitan district,St Albans City and District Council,SAL,0.5714285714285714,0.6666666666666666,0.42857142857142855,0.8,0.6,0.5,0.0,0.4,0.75,0.569620253164557,0.5325,8.333441785897126,5.0,140k - 160k,East of England,Urban,Liberal Democrat
Non-metropolitan district,West Lindsey District Council,WLI,0.6666666666666666,0.6666666666666666,0.42857142857142855,0.7,0.6,0.75,0.0,0.4,0.5,0.5822784810126582,0.5317857142857143,20.508733680370447,2.0,90k - 100k,East Midlands,Rural,Coalition/Minority
Non-metropolitan district,Warwick District Council,WAW,0.9047619047619048,0.5555555555555556,0.42857142857142855,0.7,0.8,0.5,0.0,0.0,0.75,0.6075949367088608,0.5308333333333334,11.990352020479568,4.0,140k - 160k,West Midlands,Urban,Coalition/Minority
Unitary authority,Shropshire Council,SHR,0.5714285714285714,0.5,0.7142857142857143,0.7,0.6,0.75,0.0,0.6,0.0,0.5316455696202531,0.5303571428571427,17.10501329471182,4.0,290k - 410k,West Midlands,Rural,Conservative
London borough,London Borough of Merton,MRT,0.6666666666666666,0.3888888888888889,0.8571428571428571,0.7,0.8,0.25,0.0,0.2,0.5,0.5316455696202531,0.5294047619047619,14.54133978542518,5.0,140k - 210k,London,Urban,Labour
Metropolitan district,Wigan Metropolitan Borough Council,WGN,0.47619047619047616,0.4444444444444444,0.5714285714285714,0.6,0.8,1.0,0.2,0.4,0.5,0.5189873417721519,0.5288095238095238,25.92256949388732,2.0,290k - 410k,North West,Urban,Labour
Non-metropolitan district,North Devon District Council,NDE,0.6190476190476191,0.5,0.0,1.0,0.6,1.0,0.2,0.4,0.75,0.569620253164557,0.5253571428571429,20.4032797364764,2.0,90k - 100k,South West,Rural,Liberal Democrat
Metropolitan district,Birmingham City Council,BIR,0.5238095238095238,0.5555555555555556,0.5714285714285714,0.5,0.6,0.75,0.4,0.4,0.5,0.5316455696202531,0.5251190476190477,38.10821623448964,1.0,800k - 1140k,West Midlands,Urban,Labour
Non-metropolitan district,Colchester Borough Council,COL,0.47619047619047616,0.2777777777777778,0.8571428571428571,0.7,0.6,1.0,0.0,0.4,0.5,0.4936708860759494,0.5216666666666666,16.686054168849456,3.0,170k - 250k,East of England,Urban with rural areas,Coalition/Minority
Metropolitan district,Rotherham Metropolitan Borough Council,ROT,0.5714285714285714,0.3888888888888889,0.8571428571428571,0.6,0.4,0.5,0.6,0.2,0.25,0.5063291139240507,0.5201190476190476,29.741272256990115,2.0,210k - 290k,Yorkshire and The Humber,Urban,Labour
Non-metropolitan district,Worthing Borough Council,WOT,0.6190476190476191,0.5555555555555556,0.2857142857142857,0.6,0.6,0.75,0.4,0.6,0.25,0.5443037974683544,0.519047619047619,17.310814425250975,3.0,110k - 120k,South East,Urban,Conservative
Non-metropolitan district,Adur District Council,ADU,0.6190476190476191,0.5555555555555556,0.2857142857142857,0.6,0.6,0.75,0.4,0.6,0.25,0.5443037974683544,0.519047619047619,17.643439246668013,2.0,50k - 80k,South East,Urban,Conservative
Non-metropolitan district,Ipswich Borough Council,IPS,0.6190476190476191,0.3333333333333333,0.5714285714285714,0.9,0.6,0.5,0.0,0.4,0.5,0.5189873417721519,0.5135714285714286,26.0718242825736,1.0,140k - 160k,East of England,Urban,Labour
Non-metropolitan district,Dover District Council,DOV,0.6190476190476191,0.5,0.7142857142857143,0.8,0.2,1.0,0.2,0.0,0.5,0.5443037974683544,0.51,22.396161405558228,1.0,110k - 120k,South East,Urban with rural areas,Conservative
Non-metropolitan district,Tunbridge Wells Borough Council,TUN,0.47619047619047616,0.5555555555555556,0.5714285714285714,0.6,0.6,1.0,0.2,0.2,0.5,0.5189873417721519,0.5054761904761905,11.320222313938206,5.0,120k - 130k,South East,Urban with rural areas,Conservative
Non-metropolitan district,Eastbourne Borough Council,EAS,0.42857142857142855,0.4444444444444444,0.8571428571428571,0.5,1.0,0.5,0.0,0.2,0.5,0.4810126582278481,0.5045238095238096,22.144637650007223,1.0,90k - 100k,South East,Urban,Liberal Democrat
Metropolitan district,Walsall Metropolitan Borough Council,WLL,0.47619047619047616,0.7222222222222222,0.7142857142857143,0.4,0.4,0.5,0.2,0.6,0.25,0.5189873417721519,0.5044047619047619,32.175975336102965,1.0,210k - 290k,West Midlands,Urban,Conservative
Non-metropolitan district,Derbyshire Dales District Council,DEB,0.6190476190476191,0.5,0.5714285714285714,0.4,1.0,0.25,0.2,0.2,0.75,0.5189873417721519,0.5035714285714287,11.918637372969236,4.0,50k - 80k,East Midlands,Rural,Conservative
Non-metropolitan district,West Oxfordshire District Council,WOX,0.47619047619047616,0.4444444444444444,0.42857142857142855,1.0,0.8,0.5,0.0,0.2,0.5,0.5063291139240507,0.5023809523809524,8.736159973970338,5.0,110k - 120k,South East,Rural,Conservative
County,Hertfordshire County Council,HRT,0.2857142857142857,0.6111111111111112,0.8,0.7,0.4,1.0,0.0,0.4,0.25,0.4805194805194805,0.5020238095238094,12.85318661167236,2.0,1m +,East of England,,Conservative
Unitary authority,Hull City Council,KHL,0.3333333333333333,0.5555555555555556,0.42857142857142855,0.7,1.0,0.5,0.2,0.4,0.25,0.4810126582278481,0.5001190476190477,40.63107646144011,1.0,210k - 290k,Yorkshire and The Humber,Urban,Labour
Scottish unitary authority,Midlothian Council,MLN,0.6190476190476191,0.5555555555555556,0.7142857142857143,0.6,0.8,0.0,0.0,0.2,0.5,0.5189873417721519,0.49833333333333335,18.87225996706845,4.0,0k - 140k,Scotland,Urban with rural areas,Coalition/Minority
Non-metropolitan district,Winchester City Council,WIN,0.7142857142857143,0.2222222222222222,0.7142857142857143,0.9,0.6,0.25,0.0,0.0,0.75,0.5063291139240507,0.4926190476190476,9.654869893239578,5.0,120k - 130k,South East,Rural,Liberal Democrat
Non-metropolitan district,Oxford City Council,OXO,0.5238095238095238,0.5,0.8571428571428571,0.5,0.8,0.25,0.2,0.2,0.0,0.4810126582278481,0.4896428571428572,16.43546613143378,3.0,140k - 160k,South East,Urban,Labour
Non-metropolitan district,Wychavon District Council,WYC,0.7142857142857143,0.2777777777777778,0.5714285714285714,0.3,0.8,1.0,0.0,0.4,0.75,0.5063291139240507,0.4870238095238095,15.846520663200264,3.0,120k - 130k,West Midlands,Rural,Conservative
County,Surrey County Council,SRY,0.3333333333333333,0.9444444444444444,0.4,0.5,0.6,0.5,0.0,0.6,0.25,0.5194805194805194,0.4841666666666667,10.343215674748444,2.0,1m +,South East,,Conservative
Unitary authority,Milton Keynes Council,MIK,0.47619047619047616,0.5555555555555556,0.7142857142857143,0.3,0.4,0.75,0.2,0.4,0.75,0.4936708860759494,0.48190476190476195,17.96609166212049,4.0,210k - 290k,South East,Urban,Coalition/Minority
Unitary authority,Bath and North East Somerset Council,BAS,0.3333333333333333,0.3333333333333333,0.42857142857142855,0.8,0.8,0.0,0.2,0.6,0.75,0.4430379746835443,0.48178571428571426,11.738251197731817,5.0,140k - 210k,South West,Urban with rural areas,Liberal Democrat
Unitary authority,"Bournemouth, Christchurch and Poole Council",BPC,0.47619047619047616,0.5,0.5714285714285714,0.7,0.8,0.5,0.0,0.0,0.75,0.4936708860759494,0.47964285714285715,18.245148809478632,4.0,290k - 410k,South West,Urban,Conservative
Unitary authority,Royal Borough of Windsor and Maidenhead,WNM,0.5714285714285714,0.3333333333333333,0.5714285714285714,0.9,0.4,0.5,0.0,0.2,0.75,0.4936708860759494,0.4789285714285715,8.423452477182972,5.0,140k - 210k,South East,Urban,Conservative
Non-metropolitan district,Worcester City Council,WOC,0.47619047619047616,0.6111111111111112,0.42857142857142855,0.7,0.6,0.25,0.0,0.6,0.25,0.4936708860759494,0.4773809523809524,20.55670791922704,2.0,90k - 100k,West Midlands,Urban,Conservative
County,Leicestershire County Council,LEC,0.42857142857142855,0.3333333333333333,0.8,0.4,0.8,0.75,0.0,0.4,0.5,0.44155844155844154,0.47678571428571437,19.416645076625485,1.0,under 800k,East Midlands,,Conservative
Combined authority,Liverpool City Region,LCR,0.42857142857142855,0.8333333333333334,0.2,0.4,0.6,0.25,0.0,1.0,0.5,0.5194805194805194,0.47678571428571426,,,,North West,,
Non-metropolitan district,Rushcliffe Borough Council,RUS,0.42857142857142855,0.7777777777777778,0.5714285714285714,0.5,0.6,0.5,0.0,0.0,1.0,0.5189873417721519,0.4766666666666667,7.20371579238824,5.0,120k - 130k,East Midlands,Rural,Conservative
Non-metropolitan district,Basildon Borough Council,BAI,0.42857142857142855,0.5555555555555556,0.7142857142857143,0.6,0.6,0.5,0.0,0.2,0.5,0.4810126582278481,0.4747619047619048,23.38242627364464,1.0,170k - 250k,East of England,Urban,Conservative
London borough,London Borough of Sutton,STN,0.23809523809523808,0.7222222222222222,0.7142857142857143,0.5,0.4,1.0,0.0,0.2,0.75,0.4810126582278481,0.4736904761904762,14.07958985989755,5.0,140k - 210k,London,Urban,Liberal Democrat
Non-metropolitan district,Gedling Borough Council,GED,0.5238095238095238,0.7777777777777778,0.42857142857142855,0.5,0.6,0.25,0.0,0.4,0.5,0.5189873417721519,0.4720238095238095,14.918718260161487,3.0,110k - 120k,East Midlands,Urban with rural areas,Labour
Non-metropolitan district,Wyre Borough Council,WYR,0.3333333333333333,0.3888888888888889,0.5714285714285714,0.5,0.8,0.75,0.0,0.6,0.5,0.4430379746835443,0.47154761904761905,20.76716669491751,2.0,110k - 120k,North West,Urban with rural areas,Conservative
Metropolitan district,South Tyneside Council,STY,0.42857142857142855,0.3333333333333333,0.7142857142857143,0.8,0.4,0.25,0.0,0.4,0.75,0.45569620253164556,0.4714285714285714,31.71586505802245,1.0,140k - 210k,North East,Urban,Labour
County,Devon County Council,DEV,0.38095238095238093,0.5,0.4,0.9,0.4,0.5,0.0,0.4,0.75,0.4805194805194805,0.46964285714285714,18.18897021472166,1.0,800k - 1m,South West,,Conservative
Non-metropolitan district,Rushmoor Borough Council,RUH,0.38095238095238093,0.4444444444444444,0.8571428571428571,0.3,0.2,1.0,0.0,0.6,0.75,0.45569620253164556,0.4648809523809524,16.000946151650652,3.0,90k - 100k,South East,Urban,Conservative
London borough,London Borough of Enfield,ENF,0.5714285714285714,0.4444444444444444,0.7142857142857143,0.8,0.6,0.25,0.0,0.0,0.25,0.4810126582278481,0.4645238095238095,25.85252469187582,2.0,290k - 410k,London,Urban,Labour
Non-metropolitan district,Chichester District Council,CHI,0.6190476190476191,0.5555555555555556,0.42857142857142855,0.5,0.2,0.25,0.2,0.8,0.25,0.4936708860759494,0.46047619047619054,14.051337507946066,4.0,120k - 130k,South East,Rural,Coalition/Minority
Welsh unitary authority,Denbighshire County Council,DEN,0.42857142857142855,0.16666666666666666,0.8571428571428571,0.7,0.4,0.0,0.0,0.6,0.75,0.4177215189873418,0.4603571428571429,26.654034262567247,2.0,0k - 140k,Wales,Rural,Coalition/Minority
Non-metropolitan district,Tandridge District Council,TAN,0.19047619047619047,0.9444444444444444,0.7142857142857143,0.3,0.4,0.5,0.0,0.6,0.25,0.46835443037974683,0.4598809523809524,11.926536429552137,4.0,80k - 90k,South East,Urban with rural areas,Coalition/Minority
Non-metropolitan district,Eastleigh Borough Council,EAT,0.23809523809523808,0.2777777777777778,0.7142857142857143,0.8,0.4,0.75,0.0,0.4,0.75,0.4177215189873418,0.45952380952380956,10.211495111690024,5.0,140k - 160k,South East,Urban,Liberal Democrat
Welsh unitary authority,Vale of Glamorgan Council,VGL,0.47619047619047616,0.7777777777777778,0.5714285714285714,0.5,0.4,0.5,0.0,0.2,0.5,0.5063291139240507,0.4588095238095239,18.67926521213294,4.0,0k - 140k,Wales,Urban with rural areas,Coalition/Minority
Non-metropolitan district,Scarborough Borough Council,SCE,0.2857142857142857,0.3888888888888889,0.8571428571428571,0.3,0.8,0.25,0.0,0.6,0.5,0.4050632911392405,0.4522619047619048,26.36059654091232,1.0,110k - 120k,Yorkshire and The Humber,Urban with rural areas,Coalition/Minority
Non-metropolitan district,Uttlesford District Council,UTT,0.38095238095238093,0.5555555555555556,0.42857142857142855,0.7,0.6,0.5,0.0,0.2,0.75,0.46835443037974683,0.45226190476190475,9.216569081109506,5.0,80k - 90k,East of England,Rural,Independent
Non-metropolitan district,Cherwell District Council,CHR,0.5714285714285714,0.4444444444444444,0.7142857142857143,0.4,0.8,0.5,0.0,0.2,0.0,0.45569620253164556,0.44452380952380954,14.360498202693632,3.0,140k - 160k,South East,Urban with rural areas,Conservative
Scottish unitary authority,South Lanarkshire Council,SLK,0.3333333333333333,0.3888888888888889,0.5714285714285714,0.7,0.4,0.5,0.0,0.4,0.75,0.43037974683544306,0.4415476190476191,20.958878876540894,3.0,290k - 410k,Scotland,Urban with rural areas,Coalition/Minority
Metropolitan district,Barnsley Metropolitan Borough Council,BNS,0.38095238095238093,0.3333333333333333,0.5714285714285714,0.6,0.8,0.5,0.2,0.2,0.25,0.4177215189873418,0.4403571428571429,30.00411464519212,1.0,210k - 290k,Yorkshire and The Humber,Urban,Labour
Non-metropolitan district,Forest of Dean District Council,FOE,0.47619047619047616,0.5,0.42857142857142855,0.7,0.4,0.5,0.0,0.2,0.75,0.46835443037974683,0.43821428571428567,18.092547372423404,2.0,80k - 90k,South West,Sparse and rural,Coalition/Minority
Non-metropolitan district,Havant Borough Council,HAA,0.3333333333333333,0.5555555555555556,0.7142857142857143,0.5,0.2,0.75,0.0,0.2,0.75,0.4430379746835443,0.43047619047619046,21.804497377594675,2.0,120k - 130k,South East,Urban,Conservative
Non-metropolitan district,Teignbridge District Council,TEI,0.38095238095238093,0.5,0.42857142857142855,0.6,0.4,0.5,0.0,0.4,0.75,0.4430379746835443,0.42892857142857144,15.981603258722595,3.0,140k - 160k,South West,Urban with rural areas,Liberal Democrat
Scottish unitary authority,West Lothian Council,WLN,0.23809523809523808,0.5555555555555556,0.5714285714285714,0.4,0.4,0.75,0.2,0.4,0.5,0.4177215189873418,0.42726190476190484,19.42218209299943,4.0,140k - 210k,Scotland,Urban with rural areas,Coalition/Minority
Non-metropolitan district,Runnymede Borough Council,RUN,0.2857142857142857,0.9444444444444444,0.42857142857142855,0.4,0.2,0.5,0.0,0.6,0.25,0.46835443037974683,0.4263095238095238,11.951561996779388,4.0,80k - 90k,South East,Urban,Conservative
Non-metropolitan district,East Cambridgeshire District Council,ECA,0.42857142857142855,0.1111111111111111,0.2857142857142857,0.8,0.8,0.5,0.0,0.4,0.75,0.4050632911392405,0.4263095238095238,11.557074398931432,5.0,80k - 90k,East of England,Rural,Conservative
Non-metropolitan district,Harborough District Council,HAO,0.19047619047619047,0.7222222222222222,0.5714285714285714,0.5,0.2,1.0,0.0,0.2,0.75,0.4430379746835443,0.4251190476190476,8.136535844872986,5.0,90k - 100k,East Midlands,Rural,Conservative
Unitary authority,North Northamptonshire Council,NNT,0.3333333333333333,0.05555555555555555,0.7142857142857143,0.5,0.6,0.75,0.0,0.6,0.5,0.3670886075949367,0.42297619047619045,19.619687044120514,4.0,290k - 410k,East Midlands,Urban with rural areas,Conservative
Non-metropolitan district,North West Leicestershire District Council,NWL,0.3333333333333333,0.5555555555555556,0.42857142857142855,0.4,0.8,0.25,0.0,0.6,0.25,0.4177215189873418,0.42261904761904767,14.463790224976112,3.0,90k - 100k,East Midlands,Urban with rural areas,Conservative
Non-metropolitan district,Hertsmere Borough Council,HER,0.14285714285714285,0.7777777777777778,0.7142857142857143,0.6,0.4,0.0,0.0,0.2,0.5,0.4177215189873418,0.4202380952380953,13.968569553655678,4.0,110k - 120k,East of England,Urban,Conservative
Non-metropolitan district,Newark and Sherwood District Council,NEA,0.5714285714285714,0.5555555555555556,0.5714285714285714,0.4,0.4,0.0,0.2,0.2,0.5,0.45569620253164556,0.4197619047619048,19.26917575415982,2.0,120k - 130k,East Midlands,Rural,Conservative
London borough,London Borough of Hillingdon,HIL,0.3333333333333333,0.2777777777777778,0.2857142857142857,0.9,0.6,0.25,0.0,0.4,0.75,0.4050632911392405,0.4195238095238095,18.39799122429693,4.0,290k - 410k,London,Urban,Conservative
Unitary authority,Stockton-on-Tees Borough Council,STT,0.3333333333333333,0.8333333333333334,0.42857142857142855,0.5,0.6,0.5,0.0,0.2,0.0,0.45569620253164556,0.4192857142857143,25.83641617852725,2.0,140k - 210k,North East,Urban,Coalition/Minority
County,Oxfordshire County Council,OXF,0.47619047619047616,0.4444444444444444,0.4,0.5,0.4,0.25,0.0,0.8,0.25,0.42857142857142855,0.41809523809523813,13.159116662917764,2.0,under 800k,South East,,Coalition/Minority
Unitary authority,Torbay Council,TOB,0.2857142857142857,0.6111111111111112,0.5714285714285714,0.5,0.2,0.5,0.0,0.4,0.75,0.43037974683544306,0.41773809523809524,28.21644415986616,2.0,0k - 140k,South West,Urban,Coalition/Minority
Non-metropolitan district,Gosport Borough Council,GOS,0.38095238095238093,0.5,0.7142857142857143,0.4,0.6,0.25,0.0,0.2,0.5,0.4177215189873418,0.4167857142857143,20.680427402814768,2.0,80k - 90k,South East,Urban,Conservative
Welsh unitary authority,Monmouthshire County Council,MON,0.42857142857142855,0.5555555555555556,0.5714285714285714,0.3,0.6,0.25,0.0,0.4,0.5,0.43037974683544306,0.4158333333333333,17.26099552359505,4.0,0k - 140k,Wales,Urban with rural areas,Conservative
Unitary authority,Blackburn with Darwen Borough Council,BBD,0.38095238095238093,0.4444444444444444,0.42857142857142855,0.7,0.6,0.75,0.0,0.0,0.5,0.43037974683544306,0.41559523809523813,36.19481978142371,1.0,140k - 210k,North West,Urban,Labour
Non-metropolitan district,Hastings Borough Council,HAS,0.38095238095238093,0.2777777777777778,0.5714285714285714,0.5,0.8,0.75,0.0,0.0,0.75,0.4050632911392405,0.4145238095238095,34.57192434789176,1.0,80k - 90k,South East,Urban,Labour
Scottish unitary authority,South Ayrshire Council,SAY,0.47619047619047616,0.4444444444444444,0.8571428571428571,0.2,0.2,0.75,0.0,0.6,0.0,0.4177215189873418,0.4141666666666666,20.60772053526057,4.0,0k - 140k,Scotland,Urban with rural areas,Coalition/Minority
Non-metropolitan district,South Norfolk District Council,SNO,0.19047619047619047,0.6666666666666666,0.2857142857142857,0.5,0.6,1.0,0.2,0.0,0.75,0.43037974683544306,0.4139285714285714,13.13699841709256,4.0,140k - 160k,East of England,Rural,Conservative
County,Worcestershire County Council,WOR,0.38095238095238093,0.4444444444444444,0.4,0.4,0.8,0.5,0.2,0.2,0.5,0.4155844155844156,0.4138095238095239,18.05782964366818,1.0,under 800k,West Midlands,,Conservative
Non-metropolitan district,Mansfield District Council,MAS,0.42857142857142855,0.16666666666666666,0.2857142857142857,0.6,1.0,0.5,0.0,0.6,0.0,0.379746835443038,0.40714285714285714,28.50884456560519,1.0,110k - 120k,East Midlands,Urban,Coalition/Minority
Non-metropolitan district,Guildford Borough Council,GRT,0.3333333333333333,0.9444444444444444,0.42857142857142855,0.2,0.2,0.5,0.0,0.6,0.25,0.45569620253164556,0.403452380952381,9.44731761500154,5.0,140k - 160k,South East,Urban with rural areas,Coalition/Minority
Non-metropolitan district,South Lakeland District Council,SLA,0.47619047619047616,0.3333333333333333,0.2857142857142857,0.5,0.6,1.0,0.2,0.2,0.25,0.4177215189873418,0.4017857142857143,12.490680848431795,4.0,90k - 100k,North West,Rural,Liberal Democrat
Non-metropolitan district,High Peak Borough Council,HIG,0.47619047619047616,0.0,0.5714285714285714,0.5,1.0,0.0,0.2,0.2,0.5,0.35443037974683544,0.39714285714285724,15.622224364923492,3.0,80k - 90k,East Midlands,Urban with rural areas,Labour
Unitary authority,Redcar and Cleveland Borough Council,RCC,0.6190476190476191,0.3888888888888889,0.5714285714285714,0.3,0.6,0.25,0.2,0.2,0.0,0.4177215189873418,0.3944047619047619,29.791865154939835,2.0,0k - 140k,North East,Urban with rural areas,Coalition/Minority
Scottish unitary authority,The Moray Council,MRY,0.42857142857142855,0.2222222222222222,0.7142857142857143,0.6,0.4,0.25,0.0,0.4,0.0,0.3670886075949367,0.3872619047619048,14.391920085507444,5.0,0k - 140k,Scotland,Sparse and rural,Coalition/Minority
Non-metropolitan district,Braintree District Council,BRA,0.23809523809523808,0.1111111111111111,0.42857142857142855,0.8,0.6,0.75,0.0,0.4,0.25,0.34177215189873417,0.38666666666666666,14.728824192026424,3.0,140k - 160k,East of England,Urban with rural areas,Conservative
County,East Sussex County Council,ESX,0.42857142857142855,0.1111111111111111,0.6,0.4,0.8,0.75,0.0,0.0,0.75,0.36363636363636365,0.38595238095238094,19.79115640786821,1.0,under 800k,South East,,Conservative
Non-metropolitan district,South Cambridgeshire District Council,SCA,0.38095238095238093,0.3888888888888889,0.8571428571428571,0.5,0.4,0.25,0.0,0.0,0.25,0.379746835443038,0.3840476190476191,8.49453021636096,5.0,140k - 160k,East of England,Rural,Liberal Democrat
Unitary authority,Southampton City Council,STH,0.3333333333333333,0.3333333333333333,0.5714285714285714,0.7,0.4,0.5,0.0,0.0,0.5,0.379746835443038,0.3807142857142858,26.882578120544903,2.0,210k - 290k,South East,Urban,Conservative
Non-metropolitan district,Cotswold District Council,COT,0.3333333333333333,0.16666666666666666,0.42857142857142855,0.6,0.6,0.75,0.0,0.4,0.25,0.35443037974683544,0.3792857142857143,10.973922926264716,5.0,80k - 90k,South West,Rural,Liberal Democrat
Non-metropolitan district,Stevenage Borough Council,STV,0.2857142857142857,0.3888888888888889,0.2857142857142857,0.5,0.4,0.0,0.0,0.8,0.75,0.3670886075949367,0.37654761904761913,19.857026501223743,2.0,80k - 90k,East of England,Urban,Labour
Metropolitan district,Doncaster Metropolitan Borough Council,DNC,0.3333333333333333,0.3888888888888889,0.2857142857142857,0.6,0.2,0.75,0.2,0.2,0.75,0.3924050632911392,0.3761904761904762,30.49772315880599,1.0,290k - 410k,Yorkshire and The Humber,Urban,Labour
County,Derbyshire County Council,DBY,0.38095238095238093,0.2222222222222222,0.4,0.4,0.6,0.5,0.2,0.6,0.0,0.35064935064935066,0.37547619047619046,16.381738072556182,2.0,800k - 1m,West Midlands,,Conservative
Non-metropolitan district,Malvern Hills District Council,MAV,0.5238095238095238,0.5,0.42857142857142855,0.4,0.4,0.25,0.0,0.2,0.5,0.4177215189873418,0.3753571428571429,15.968210627970215,3.0,80k - 90k,West Midlands,Sparse and rural,Coalition/Minority
Welsh unitary authority,Pembrokeshire County Council,PEM,0.47619047619047616,0.8333333333333334,0.0,0.3,0.2,0.25,0.0,0.6,0.75,0.45569620253164556,0.37142857142857144,23.436514362224287,3.0,0k - 140k,Wales,Rural,Coalition/Minority
Non-metropolitan district,Richmondshire District Council,RIH,0.8095238095238095,0.05555555555555555,0.8571428571428571,0.4,0.2,0.25,0.0,0.2,0.0,0.3924050632911392,0.37083333333333335,12.108709622185,4.0,50k - 80k,Yorkshire and The Humber,Rural,Coalition/Minority
Non-metropolitan district,Stafford Borough Council,STA,0.42857142857142855,0.1111111111111111,0.7142857142857143,0.7,0.0,0.0,0.0,0.4,0.75,0.35443037974683544,0.3705952380952381,13.75422228292541,4.0,140k - 160k,West Midlands,Urban with rural areas,Conservative
Unitary authority,Portsmouth City Council,POR,0.42857142857142855,0.2777777777777778,0.5714285714285714,0.4,0.6,0.5,0.0,0.2,0.25,0.3670886075949367,0.3691666666666667,27.27429387869057,2.0,210k - 290k,South East,Urban,Coalition/Minority
Scottish unitary authority,North Ayrshire Council,NAY,0.42857142857142855,0.3333333333333333,0.42857142857142855,0.3,0.6,0.0,0.0,0.6,0.5,0.3670886075949367,0.36857142857142855,26.907236237232045,2.0,0k - 140k,Scotland,Urban with rural areas,Coalition/Minority
London borough,London Borough of Lambeth,LBH,0.3333333333333333,0.16666666666666666,0.5714285714285714,0.4,0.8,0.5,0.0,0.0,0.75,0.34177215189873417,0.3632142857142857,25.384398857174407,3.0,290k - 410k,London,Urban,Labour
Non-metropolitan district,Watford Borough Council,WAT,0.47619047619047616,0.3333333333333333,0.2857142857142857,0.5,0.6,0.5,0.0,0.0,0.75,0.3924050632911392,0.36178571428571427,15.490773579630762,3.0,90k - 100k,East of England,Urban,Liberal Democrat
Scottish unitary authority,Argyll and Bute Council,AGB,0.5238095238095238,0.4444444444444444,0.2857142857142857,0.5,0.4,0.5,0.2,0.0,0.25,0.4050632911392405,0.36059523809523814,17.350429508931235,4.0,0k - 140k,Scotland,Sparse and rural,Coalition/Minority
Unitary authority,Buckinghamshire Council,BUC,0.23809523809523808,0.6111111111111112,0.2857142857142857,0.6,0.6,0.25,0.0,0.0,0.5,0.379746835443038,0.35773809523809524,10.177566121847953,5.0,440k - 640k,South East,Urban with rural areas,Conservative
Scottish unitary authority,Aberdeen City Council,ABE,0.47619047619047616,0.5,0.42857142857142855,0.4,0.4,0.5,0.0,0.2,0.0,0.3924050632911392,0.35571428571428576,15.13769666850714,5.0,210k - 290k,Scotland,Urban,Coalition/Minority
County,West Sussex County Council,WSX,0.5238095238095238,0.1111111111111111,0.4,0.5,0.4,0.25,0.0,0.6,0.25,0.35064935064935066,0.3552380952380953,14.18833713527553,2.0,800k - 1m,South East,,Conservative
City corporation,City of London Corporation,LND,0.23809523809523808,0.4444444444444444,0.42857142857142855,0.3,0.8,0.75,0.0,0.0,0.5,0.35443037974683544,0.35416666666666674,15.328364160065837,5.0,0k - 140k,London,Urban,Independent
Combined authority,West Yorkshire Combined Authority,WYCA,0.42857142857142855,0.2777777777777778,0.4,0.5,0.8,0.25,0.0,0.2,0.0,0.35064935064935066,0.35345238095238096,,,,Yorkshire and The Humber,,
Metropolitan district,Sefton Metropolitan Borough Council,SFT,0.38095238095238093,0.2222222222222222,0.42857142857142855,0.4,0.2,0.5,0.4,0.4,0.25,0.34177215189873417,0.35226190476190483,27.25746748308673,2.0,210k - 290k,North West,Urban,Labour
Non-metropolitan district,South Staffordshire Council,SST,0.42857142857142855,0.7222222222222222,0.14285714285714285,0.4,0.4,0.0,0.0,0.2,0.75,0.4177215189873418,0.3515476190476191,13.352700727524985,4.0,110k - 120k,West Midlands,Urban with rural areas,Conservative
Non-metropolitan district,North East Derbyshire District Council,NED,0.3333333333333333,0.7222222222222222,0.42857142857142855,0.4,0.2,0.5,0.0,0.2,0.0,0.3924050632911392,0.34761904761904766,17.61954905284737,2.0,90k - 100k,East Midlands,Urban,Conservative
Non-metropolitan district,Stratford-on-Avon District Council,STR,0.5714285714285714,0.3333333333333333,0.42857142857142855,0.2,0.6,0.25,0.0,0.2,0.5,0.379746835443038,0.34750000000000003,11.726253854786387,4.0,120k - 130k,West Midlands,Rural,Conservative
Scottish unitary authority,East Ayrshire Council,EAY,0.19047619047619047,0.2777777777777778,0.14285714285714285,0.5,0.8,0.25,0.0,0.6,0.5,0.31645569620253167,0.3441666666666667,25.468610692867724,3.0,0k - 140k,Scotland,Rural,Coalition/Minority
Metropolitan district,Oldham Metropolitan Borough Council,OLD,0.14285714285714285,0.1111111111111111,0.2857142857142857,0.7,0.2,0.5,0.2,0.8,0.25,0.2911392405063291,0.34345238095238095,33.837802492514015,1.0,210k - 290k,North West,Urban,Labour
Welsh unitary authority,Ceredigion County Council,CGN,0.7142857142857143,0.2222222222222222,0.42857142857142855,0.2,0.4,0.0,0.0,0.4,0.5,0.379746835443038,0.3397619047619048,20.94033708273942,4.0,0k - 140k,Wales,Sparse and rural,Coalition/Minority
Unitary authority,North Somerset  Council,NSM,0.38095238095238093,0.3333333333333333,0.14285714285714285,0.4,0.8,0.25,0.0,0.2,0.75,0.35443037974683544,0.33857142857142863,16.08471468296039,5.0,210k - 290k,South West,Urban,Coalition/Minority
London borough,London Borough of Barking and Dagenham,BDG,0.23809523809523808,0.3333333333333333,0.42857142857142855,0.3,0.4,0.75,0.4,0.0,0.5,0.3291139240506329,0.3375,32.72231926765803,1.0,210k - 290k,London,Urban,Labour
Unitary authority,West Northamptonshire Council,WNT,0.14285714285714285,0.2222222222222222,0.42857142857142855,0.4,0.6,0.25,0.2,0.4,0.5,0.2911392405063291,0.3365476190476191,17.60152903098383,4.0,290k - 410k,East Midlands,Urban with rural areas,Conservative
London borough,London Borough of Tower Hamlets,TWH,0.5238095238095238,0.2222222222222222,0.42857142857142855,0.3,0.4,0.75,0.0,0.0,0.75,0.3670886075949367,0.33619047619047615,27.521556559762267,2.0,290k - 410k,London,Urban,Labour
County,Gloucestershire County Council,GLS,0.38095238095238093,0.3888888888888889,0.6,0.6,0.4,0.0,0.0,0.0,0.0,0.33766233766233766,0.3354761904761905,15.994691077480708,2.0,under 800k,South West,,Conservative
Non-metropolitan district,Norwich City Council,NOW,0.42857142857142855,0.5,0.2857142857142857,0.6,0.6,0.0,0.0,0.0,0.0,0.3670886075949367,0.33214285714285713,27.56683175289709,1.0,140k - 160k,East of England,Urban,Labour
Non-metropolitan district,Chelmsford City Council,CHL,0.47619047619047616,0.16666666666666666,0.7142857142857143,0.2,0.4,0.0,0.0,0.2,0.75,0.3291139240506329,0.33107142857142857,12.35628684664888,4.0,170k - 250k,East of England,Urban with rural areas,Liberal Democrat
Non-metropolitan district,Craven District Council,CRA,0.38095238095238093,0.3333333333333333,0.14285714285714285,0.3,0.6,0.75,0.4,0.0,0.25,0.34177215189873417,0.32357142857142857,12.749367855517836,4.0,50k - 80k,Yorkshire and The Humber,Rural,Coalition/Minority
Metropolitan district,Stockport Metropolitan Borough Council,SKP,0.38095238095238093,0.3333333333333333,0.42857142857142855,0.3,0.4,0.25,0.0,0.4,0.25,0.3291139240506329,0.32142857142857145,21.091802701219745,3.0,290k - 410k,North West,Urban,Coalition/Minority
Non-metropolitan district,Bolsover District Council,BOS,0.3333333333333333,0.1111111111111111,0.42857142857142855,0.4,0.2,0.75,0.2,0.4,0.25,0.3037974683544304,0.32095238095238093,25.04917433777712,1.0,80k - 90k,East Midlands,Rural,Coalition/Minority
Welsh unitary authority,Neath Port Talbot County Borough Council,NTL,0.19047619047619047,0.3333333333333333,0.7142857142857143,0.3,0.4,0.25,0.0,0.0,0.75,0.3037974683544304,0.32071428571428573,31.386635765087817,1.0,140k - 210k,Wales,Urban with rural areas,Labour
Combined authority,West of England Combined Authority,WECA,0.47619047619047616,0.3888888888888889,0.4,0.4,0.2,0.5,0.0,0.0,0.5,0.36363636363636365,0.3197619047619048,,,,South West,,
Unitary authority,Peterborough City Council,PTE,0.6190476190476191,0.0,0.2857142857142857,0.6,0.4,0.25,0.0,0.4,0.0,0.3291139240506329,0.31821428571428567,27.88069812468172,2.0,140k - 210k,East of England,Urban,Coalition/Minority
Non-metropolitan district,East Hertfordshire District Council,EHE,0.2857142857142857,0.2777777777777778,0.5714285714285714,0.5,0.2,0.0,0.0,0.4,0.25,0.3037974683544304,0.3177380952380952,8.20238569463365,5.0,140k - 160k,East of England,Urban with rural areas,Conservative
Welsh unitary authority,Carmarthenshire County Council,CMN,0.47619047619047616,0.1111111111111111,0.7142857142857143,0.3,0.4,0.25,0.0,0.2,0.0,0.3037974683544304,0.3127380952380952,24.909375025086604,3.0,140k - 210k,Wales,Urban with rural areas,Coalition/Minority
Non-metropolitan district,Broxbourne Borough Council,BRX,0.2857142857142857,0.2777777777777778,0.8571428571428571,0.3,0.2,0.0,0.2,0.0,0.25,0.2911392405063291,0.3105952380952381,18.18090442952745,2.0,90k - 100k,East of England,Urban,Conservative
Non-metropolitan district,North Hertfordshire District Council,NHE,0.5238095238095238,0.4444444444444444,0.14285714285714285,0.3,0.4,0.0,0.0,0.2,0.75,0.3670886075949367,0.3091666666666667,11.617651096803176,5.0,120k - 130k,East of England,Urban,Coalition/Minority
Welsh unitary authority,Caerphilly County Borough Council,CAY,0.42857142857142855,0.3888888888888889,0.2857142857142857,0.3,0.4,0.0,0.0,0.2,0.75,0.34177215189873417,0.3079761904761905,28.50688485532984,2.0,140k - 210k,Wales,Urban with rural areas,Labour
Non-metropolitan district,Pendle Borough Council,PEN,0.47619047619047616,0.2777777777777778,0.7142857142857143,0.3,0.2,0.0,0.0,0.2,0.0,0.31645569620253167,0.30523809523809525,31.17465717821782,1.0,80k - 90k,North West,Urban,Conservative
NI district,Ards and North Down Borough Council,AND,0.3333333333333333,0.0,0.8571428571428571,0.4,0.0,0.25,0.0,0.4,0.25,0.26582278481012656,0.30357142857142855,,,,Northern Ireland,Urban with rural areas,
Unitary authority,Warrington Borough Council,WRT,0.42857142857142855,0.16666666666666666,0.14285714285714285,0.5,0.4,0.25,0.0,0.4,0.5,0.31645569620253167,0.30321428571428577,19.102023684135347,4.0,140k - 210k,North West,Urban,Labour
Non-metropolitan district,Oadby and Wigston Borough Council,OAD,0.23809523809523808,0.2222222222222222,0.5714285714285714,0.4,0.2,0.5,0.0,0.4,0.0,0.27848101265822783,0.2997619047619048,13.214853792861526,4.0,50k - 80k,East Midlands,Urban,Liberal Democrat
Metropolitan district,Calderdale Metropolitan Borough Council,CLD,0.09523809523809523,0.5,0.42857142857142855,0.4,0.4,0.25,0.0,0.2,0.25,0.2911392405063291,0.2985714285714286,26.492248970230047,2.0,210k - 290k,Yorkshire and The Humber,Urban,Labour
Non-metropolitan district,Horsham District Council,HOR,0.47619047619047616,0.1111111111111111,0.42857142857142855,0.3,0.4,0.75,0.0,0.2,0.0,0.3037974683544304,0.2948809523809524,9.939715322933978,5.0,140k - 160k,South East,Rural,Conservative
Non-metropolitan district,Wealden District Council,WEA,0.38095238095238093,0.1111111111111111,0.42857142857142855,0.5,0.8,0.0,0.0,0.0,0.0,0.27848101265822783,0.2930952380952381,12.36266103731228,4.0,140k - 160k,South East,Urban with rural areas,Conservative
Non-metropolitan district,Newcastle-under-Lyme Borough Council,NEC,0.38095238095238093,0.16666666666666666,0.2857142857142857,0.3,0.6,0.5,0.0,0.0,0.75,0.3037974683544304,0.2925,19.121275778153755,2.0,120k - 130k,West Midlands,Urban with rural areas,Conservative
Non-metropolitan district,Welwyn Hatfield Borough Council,WEW,0.42857142857142855,0.16666666666666666,0.2857142857142857,0.3,0.6,0.25,0.0,0.2,0.25,0.2911392405063291,0.28214285714285714,14.314115081719397,3.0,120k - 130k,East of England,Urban,Conservative
Non-metropolitan district,Broadland District Council,BRO,0.0,0.6111111111111112,0.5714285714285714,0.1,0.2,0.25,0.0,0.0,1.0,0.27848101265822783,0.2748809523809524,11.772944511136773,4.0,120k - 130k,East of England,Rural,Conservative
NI district,Derry City and Strabane District Council,DRS,0.42857142857142855,0.3333333333333333,0.2857142857142857,0.3,0.2,0.5,0.0,0.0,0.5,0.31645569620253167,0.27214285714285713,,,,Northern Ireland,Urban with rural areas,
NI district,Fermanagh and Omagh District Council,FMO,0.19047619047619047,0.3888888888888889,0.5714285714285714,0.3,0.2,0.25,0.0,0.2,0.0,0.26582278481012656,0.27011904761904765,,,,Northern Ireland,Sparse and rural,
Non-metropolitan district,Broxtowe Borough Council,BRT,0.23809523809523808,0.1111111111111111,0.42857142857142855,0.4,0.4,0.25,0.0,0.4,0.0,0.24050632911392406,0.26916666666666667,14.298875246639136,3.0,110k - 120k,East Midlands,Urban,Coalition/Minority
County,Warwickshire County Council,WAR,0.3333333333333333,0.05555555555555555,0.4,0.7,0.2,0.0,0.0,0.0,0.25,0.24675324675324675,0.25583333333333336,12.860229108844829,2.0,under 800k,West Midlands,,Conservative
Combined authority,Sheffield City Region,SCR,0.2857142857142857,0.05555555555555555,0.2,0.5,0.4,0.75,0.0,0.2,0.0,0.24675324675324675,0.2536904761904762,,,,Yorkshire and The Humber,,
County,Staffordshire County Council,STS,0.2857142857142857,0.0,0.2,0.5,0.2,0.25,0.0,0.6,0.25,0.23376623376623376,0.2528571428571429,16.41937945721841,2.0,800k - 1m,West Midlands,,Conservative
Non-metropolitan district,Borough Council of Kings Lynn and West Norfolk,KIN,0.38095238095238093,0.1111111111111111,0.14285714285714285,0.5,0.6,0.0,0.0,0.2,0.0,0.25316455696202533,0.2502380952380952,23.883172476433945,1.0,140k - 160k,East of England,Sparse and rural,Conservative
Non-metropolitan district,Chesterfield Borough Council,CHS,0.5238095238095238,0.2222222222222222,0.42857142857142855,0.2,0.2,0.0,0.0,0.2,0.0,0.27848101265822783,0.24619047619047618,24.96043261201145,1.0,90k - 100k,East Midlands,Urban,Labour
Non-metropolitan district,East Staffordshire Borough Council,EST,0.2857142857142857,0.2777777777777778,0.14285714285714285,0.5,0.2,0.25,0.0,0.2,0.25,0.26582278481012656,0.24595238095238098,19.115321408888214,2.0,120k - 130k,West Midlands,Urban with rural areas,Conservative
Unitary authority,Middlesbrough Borough Council,MDB,0.2857142857142857,0.2222222222222222,0.14285714285714285,0.3,0.2,0.75,0.0,0.2,0.5,0.26582278481012656,0.2451190476190476,40.38096358348702,1.0,0k - 140k,North East,Urban,Coalition/Minority
Scottish unitary authority,East Renfrewshire Council,ERW,0.38095238095238093,0.1111111111111111,0.7142857142857143,0.2,0.2,0.0,0.0,0.0,0.25,0.24050632911392406,0.24345238095238092,10.107730202932396,5.0,0k - 140k,Scotland,Urban,Coalition/Minority
Non-metropolitan district,Copeland Borough Council,COP,0.38095238095238093,0.05555555555555555,0.2857142857142857,0.3,0.2,0.5,0.0,0.2,0.5,0.25316455696202533,0.24333333333333332,25.01032885029993,1.0,50k - 80k,North West,Rural,Labour
Non-metropolitan district,East Lindsey District Council,ELI,0.47619047619047616,0.05555555555555555,0.42857142857142855,0.3,0.4,0.25,0.0,0.0,0.0,0.25316455696202533,0.24154761904761904,29.844699584412297,1.0,140k - 160k,East Midlands,Rural,Conservative
Non-metropolitan district,Hart District Council,HAT,0.38095238095238093,0.16666666666666666,0.42857142857142855,0.5,0.2,0.0,0.0,0.0,0.0,0.25316455696202533,0.24142857142857144,5.618004130911789,5.0,90k - 100k,South East,Urban with rural areas,Coalition/Minority
Metropolitan district,Knowsley Metropolitan Borough Council,KWL,0.42857142857142855,0.0,0.5714285714285714,0.2,0.4,0.0,0.0,0.2,0.0,0.22784810126582278,0.24,43.165482725934936,1.0,140k - 210k,North West,Urban,Labour
Metropolitan district,Liverpool City Council,LIV,0.38095238095238093,0.2222222222222222,0.14285714285714285,0.2,0.4,0.25,0.0,0.2,0.5,0.26582278481012656,0.23940476190476187,42.53650428678703,1.0,440k - 640k,North West,Urban,Labour
NI district,Belfast City Council,BFS,0.19047619047619047,0.1111111111111111,0.2857142857142857,0.3,0.6,0.5,0.0,0.2,0.0,0.21518987341772153,0.23809523809523808,,,,Northern Ireland,Urban,
Non-metropolitan district,Cheltenham Borough Council,CHT,0.42857142857142855,0.2222222222222222,0.0,0.4,0.8,0.0,0.0,0.0,0.0,0.26582278481012656,0.23761904761904762,14.232300594982195,3.0,110k - 120k,South West,Urban,Liberal Democrat
Non-metropolitan district,East Hampshire District Council,EHA,0.23809523809523808,0.2777777777777778,0.14285714285714285,0.4,0.2,0.0,0.2,0.0,0.75,0.25316455696202533,0.23630952380952383,10.278269696176864,5.0,120k - 130k,South East,Urban with rural areas,Conservative
Metropolitan district,City of Bradford Metropolitan District Council,BRD,0.09523809523809523,0.4444444444444444,0.14285714285714285,0.1,0.4,0.0,0.0,0.6,0.25,0.22784810126582278,0.22988095238095238,34.88322839474153,1.0,440k - 640k,Yorkshire and The Humber,Urban,Labour
Non-metropolitan district,Ryedale District Council,RYE,0.3333333333333333,0.1111111111111111,0.8571428571428571,0.2,0.0,0.0,0.0,0.0,0.0,0.21518987341772153,0.2252380952380952,15.731866052726616,3.0,50k - 80k,Yorkshire and The Humber,Sparse and rural,Coalition/Minority
Unitary authority,Bracknell Forest Council,BRC,0.3333333333333333,0.2777777777777778,0.2857142857142857,0.2,0.6,0.0,0.0,0.0,0.0,0.24050632911392406,0.22452380952380951,10.330146733143476,5.0,0k - 140k,South East,Urban,Conservative
Welsh unitary authority,Wrexham County Borough Council,WRX,0.38095238095238093,0.16666666666666666,0.5714285714285714,0.0,0.4,0.0,0.0,0.0,0.25,0.22784810126582278,0.22035714285714283,23.452547124825102,3.0,0k - 140k,Wales,Urban with rural areas,Coalition/Minority
Non-metropolitan district,Crawley Borough Council,CRW,0.14285714285714285,0.3333333333333333,0.2857142857142857,0.2,0.6,0.25,0.0,0.0,0.0,0.21518987341772153,0.21678571428571428,18.966802204449824,2.0,110k - 120k,South East,Urban,Coalition/Minority
Non-metropolitan district,Hambleton District Council,HAE,0.19047619047619047,0.16666666666666666,0.42857142857142855,0.3,0.2,0.0,0.0,0.2,0.25,0.20253164556962025,0.21535714285714286,11.99777748542481,4.0,80k - 90k,Yorkshire and The Humber,Rural,Conservative
Non-metropolitan district,Test Valley Borough Council,TES,0.3333333333333333,0.05555555555555555,0.2857142857142857,0.4,0.4,0.25,0.0,0.0,0.0,0.21518987341772153,0.21369047619047618,12.216568825301202,4.0,120k - 130k,South East,Urban with rural areas,Conservative
Non-metropolitan district,Mid Sussex District Council,MSS,0.2857142857142857,0.5555555555555556,0.14285714285714285,0.3,0.2,0.0,0.0,0.0,0.0,0.26582278481012656,0.21261904761904765,7.735725079789698,5.0,140k - 160k,South East,Urban,Conservative
Non-metropolitan district,Rother District Council,ROH,0.23809523809523808,0.2222222222222222,0.2857142857142857,0.4,0.2,0.0,0.0,0.2,0.0,0.21518987341772153,0.21190476190476193,19.80424241257285,2.0,90k - 100k,South East,Rural,Coalition/Minority
Scottish unitary authority,Dumfries and Galloway Council,DGY,0.6666666666666666,0.0,0.14285714285714285,0.2,0.4,0.0,0.0,0.2,0.0,0.25316455696202533,0.2114285714285714,18.971751943782497,4.0,140k - 210k,Scotland,Sparse and rural,Coalition/Minority
County,Nottinghamshire County Council,NTT,0.19047619047619047,0.05555555555555555,0.4,0.3,0.2,0.25,0.0,0.2,0.25,0.18181818181818182,0.20690476190476192,19.48418261986866,1.0,800k - 1m,East Midlands,,Conservative
Non-metropolitan district,Charnwood Borough Council,CHA,0.23809523809523808,0.16666666666666666,0.2857142857142857,0.2,0.2,0.75,0.0,0.0,0.25,0.21518987341772153,0.2035714285714286,13.270781077314622,4.0,170k - 250k,East Midlands,Urban,Conservative
Non-metropolitan district,Amber Valley Borough Council,AMB,0.23809523809523808,0.05555555555555555,0.14285714285714285,0.1,0.4,0.5,0.2,0.0,0.75,0.20253164556962025,0.2029761904761905,17.987207433650415,2.0,120k - 130k,East Midlands,Urban with rural areas,Conservative
Scottish unitary authority,Inverclyde Council,IVC,0.23809523809523808,0.1111111111111111,0.2857142857142857,0.1,0.4,0.0,0.0,0.4,0.25,0.189873417721519,0.20273809523809525,29.587587294654814,2.0,0k - 140k,Scotland,Urban,Coalition/Minority
Non-metropolitan district,Harrogate Borough Council,HAG,0.19047619047619047,0.1111111111111111,0.2857142857142857,0.4,0.2,0.25,0.2,0.0,0.0,0.189873417721519,0.2005952380952381,10.860670505064318,5.0,140k - 160k,Yorkshire and The Humber,Urban with rural areas,Conservative
Unitary authority,Luton Borough Council,LUT,0.09523809523809523,0.0,0.5714285714285714,0.4,0.0,0.0,0.0,0.4,0.0,0.1518987341772152,0.19999999999999998,26.092169648724244,2.0,210k - 290k,East of England,Urban,Labour
Non-metropolitan district,Boston Borough Council,BOT,0.19047619047619047,0.0,0.2857142857142857,0.5,0.2,0.0,0.0,0.2,0.25,0.17721518987341772,0.19892857142857145,23.01602394083195,1.0,50k - 80k,East Midlands,Urban with rural areas,Coalition/Minority
Non-metropolitan district,Barrow-in-Furness Borough Council,BAR,0.23809523809523808,0.0,0.42857142857142855,0.3,0.4,0.25,0.0,0.0,0.0,0.17721518987341772,0.1975,31.03288694835121,1.0,50k - 80k,North West,Urban with rural areas,Labour
Scottish unitary authority,Comhairle nan Eilean Siar,ELS,0.42857142857142855,0.0,0.2857142857142857,0.2,0.4,0.0,0.0,0.0,0.25,0.20253164556962025,0.18964285714285714,17.299781655824468,4.0,0k - 140k,Scotland,Sparse and rural,Independent
County,Lincolnshire County Council,LIN,0.47619047619047616,0.05555555555555555,0.2,0.3,0.2,0.25,0.0,0.0,0.0,0.22077922077922077,0.1872619047619048,19.44092148919352,1.0,under 800k,Yorkshire and The Humber,,Conservative
Welsh unitary authority,City and County of Swansea Council,SWA,0.14285714285714285,0.2222222222222222,0.42857142857142855,0.2,0.0,0.0,0.0,0.0,0.75,0.189873417721519,0.18654761904761905,25.69964182530036,3.0,210k - 290k,Wales,Urban,Labour
Non-metropolitan district,City of Lincoln Council,LIC,0.3333333333333333,0.05555555555555555,0.14285714285714285,0.4,0.4,0.0,0.0,0.0,0.0,0.189873417721519,0.17976190476190476,26.78136226950926,1.0,90k - 100k,East Midlands,Urban,Labour
Non-metropolitan district,Tendring District Council,TEN,0.3333333333333333,0.0,0.14285714285714285,0.4,0.2,0.0,0.0,0.2,0.0,0.17721518987341772,0.17142857142857143,30.496125845211186,1.0,140k - 160k,East of England,Urban with rural areas,Coalition/Minority
Non-metropolitan district,Wyre Forest District Council,WYE,0.14285714285714285,0.0,0.42857142857142855,0.3,0.2,0.0,0.0,0.2,0.0,0.13924050632911392,0.1707142857142857,22.784010227957065,1.0,90k - 100k,West Midlands,Urban with rural areas,Coalition/Minority
Welsh unitary authority,Blaenau Gwent County Borough Council,BGW,0.09523809523809523,0.2222222222222222,0.0,0.2,0.8,0.25,0.0,0.0,0.0,0.16455696202531644,0.17011904761904764,35.688758751713,1.0,0k - 140k,Wales,Urban,Independent
Metropolitan district,Gateshead Metropolitan Borough Council,GAT,0.14285714285714285,0.0,0.0,0.6,0.2,0.5,0.0,0.0,0.25,0.16455696202531644,0.16892857142857143,28.340326975328487,2.0,140k - 210k,North East,Urban,Labour
Non-metropolitan district,Hinckley and Bosworth Borough Council,HIN,0.14285714285714285,0.05555555555555555,0.14285714285714285,0.6,0.0,0.0,0.0,0.2,0.0,0.1518987341772152,0.16119047619047622,13.414295113845288,4.0,110k - 120k,East Midlands,Urban with rural areas,Liberal Democrat
Non-metropolitan district,Rossendale Borough Council,ROS,0.23809523809523808,0.16666666666666666,0.14285714285714285,0.3,0.2,0.0,0.0,0.0,0.25,0.17721518987341772,0.15964285714285714,23.96728179122017,1.0,50k - 80k,North West,Urban,Coalition/Minority
Non-metropolitan district,Melton Borough Council,MEL,0.19047619047619047,0.2222222222222222,0.2857142857142857,0.1,0.2,0.0,0.0,0.0,0.25,0.16455696202531644,0.15226190476190476,12.526185045597456,4.0,50k - 80k,East Midlands,Urban with rural areas,Conservative
County,Cumbria County Council,CMA,0.047619047619047616,0.0,0.6,0.2,0.0,0.5,0.0,0.0,0.0,0.1038961038961039,0.15214285714285714,21.137978394518534,1.0,under 800k,North West,,Coalition/Minority
Unitary authority,North Lincolnshire Council,NLN,0.19047619047619047,0.05555555555555555,0.2857142857142857,0.3,0.2,0.0,0.0,0.0,0.0,0.13924050632911392,0.14476190476190476,22.31556902816149,3.0,140k - 210k,Yorkshire and The Humber,Urban with rural areas,Conservative
Non-metropolitan district,South Kesteven District Council,SKE,0.2857142857142857,0.0,0.2857142857142857,0.1,0.4,0.0,0.0,0.0,0.0,0.13924050632911392,0.1407142857142857,13.39512931809245,4.0,140k - 160k,East Midlands,Urban with rural areas,Conservative
Scottish unitary authority,Falkirk Council,FAL,0.2857142857142857,0.0,0.14285714285714285,0.2,0.4,0.0,0.0,0.0,0.0,0.13924050632911392,0.13428571428571429,19.50601231230732,4.0,140k - 210k,Scotland,Urban,Coalition/Minority
Welsh unitary authority,Newport City Council,NWP,0.47619047619047616,0.05555555555555555,0.14285714285714285,0.1,0.0,0.25,0.0,0.0,0.0,0.17721518987341772,0.1286904761904762,30.284064478868725,1.0,140k - 210k,Wales,Urban,Labour
Non-metropolitan district,Lancaster City Council,LAC,0.2857142857142857,0.2222222222222222,0.14285714285714285,0.0,0.0,0.0,0.0,0.2,0.0,0.1518987341772152,0.11761904761904761,24.02443298319616,1.0,140k - 160k,North West,Urban with rural areas,Coalition/Minority
Metropolitan district,Rochdale Metropolitan Borough Council,RCH,0.09523809523809523,0.05555555555555555,0.0,0.2,0.2,0.5,0.0,0.0,0.25,0.11392405063291139,0.1101190476190476,34.75680797349064,1.0,210k - 290k,North West,Urban,Labour
Scottish unitary authority,Orkney Islands Council,ORK,0.3333333333333333,0.05555555555555555,0.0,0.2,0.2,0.0,0.0,0.0,0.0,0.13924050632911392,0.10833333333333332,14.085283856684883,5.0,0k - 140k,Scotland,Sparse and rural,Independent
Non-metropolitan district,Tewkesbury Borough Council,TEW,0.14285714285714285,0.0,0.2857142857142857,0.0,0.4,0.0,0.0,0.0,0.0,0.08860759493670886,0.10428571428571429,12.187032204085504,4.0,90k - 100k,South West,Urban with rural areas,Conservative
Non-metropolitan district,Bromsgrove District Council,BRM,0.09523809523809523,0.0,0.0,0.3,0.2,0.0,0.0,0.2,0.0,0.08860759493670886,0.0992857142857143,11.682779287351943,5.0,90k - 100k,West Midlands,Urban,Conservative
Welsh unitary authority,Merthyr Tydfil County Borough Council,MTY,0.09523809523809523,0.0,0.14285714285714285,0.2,0.2,0.0,0.0,0.0,0.0,0.0759493670886076,0.08571428571428572,33.32222904214466,1.0,0k - 140k,Wales,Urban,Independent
Unitary authority,Rutland County Council,RUT,0.23809523809523808,0.0,0.0,0.3,0.0,0.0,0.0,0.0,0.0,0.10126582278481013,0.08071428571428571,8.853493225135875,5.0,0k - 140k,East Midlands,Rural,Conservative
Welsh unitary authority,Conwy County Borough Council,CWY,0.047619047619047616,0.0,0.0,0.2,0.2,0.0,0.0,0.0,0.0,0.05063291139240506,0.05714285714285715,22.30196567212033,3.0,0k - 140k,Wales,Urban with rural areas,Coalition/Minority
Non-metropolitan district,Harlow District Council,HAR,0.09523809523809523,0.0,0.2857142857142857,0.0,0.0,0.0,0.0,0.0,0.0,0.05063291139240506,0.057142857142857134,21.32990094984323,2.0,80k - 90k,East of England,Urban,Conservative
Non-metropolitan district,Rochford District Council,ROC,0.047619047619047616,0.0,0.14285714285714285,0.0,0.0,0.0,0.0,0.0,0.0,0.02531645569620253,0.028571428571428567,10.491386606080033,5.0,80k - 90k,East of England,Urban,Conservative
Unitary authority,City of York Council,YOR,0.0,0.0,0.0,0.0,0.0,0.0,0.0,0.0,0.0,0.0,0.0,11.81076590319916,5.0,210k - 290k,Yorkshire and The Humber,Urban,Coalition/Minority
Unitary authority,Thurrock Council,THR,0.0,0.0,0.0,0.0,0.0,0.0,0.0,0.0,0.0,0.0,0.0,21.129832036067253,3.0,140k - 210k,East of England,Urban,Conservative
London borough,London Borough of Waltham Forest,WFT,0.0,0.0,0.0,0.0,0.0,0.0,0.0,0.0,0.0,0.0,0.0,25.230597303805656,3.0,210k - 290k,London,Urban,Labour
Non-metropolitan district,Vale of White Horse District Council,VAL,0.0,0.0,0.0,0.0,0.0,0.0,0.0,0.0,0.0,0.0,0.0,8.364813730175651,5.0,140k - 160k,South East,Urban with rural areas,Liberal Democrat
Combined authority,Tees Valley Combined Authority,TVCA,0.0,0.0,0.0,0.0,0.0,0.0,0.0,0.0,0.0,0.0,0.0,,,,North East,,
Metropolitan district,City of Wolverhampton Council,WLV,0.0,0.0,0.0,0.0,0.0,0.0,0.0,0.0,0.0,0.0,0.0,32.534546645807765,1.0,210k - 290k,West Midlands,Urban,Labour
Non-metropolitan district,Tamworth Borough Council,TAW,0.0,0.0,0.0,0.0,0.0,0.0,0.0,0.0,0.0,0.0,0.0,21.00683846615208,2.0,50k - 80k,West Midlands,Urban,Conservative
Metropolitan district,Tameside Metropolitan Borough Council,TAM,0.0,0.0,0.0,0.0,0.0,0.0,0.0,0.0,0.0,0.0,0.0,31.66438354827744,1.0,210k - 290k,North West,Urban,Labour
Welsh unitary authority,Torfaen County Borough Council,TOF,0.0,0.0,0.0,0.0,0.0,0.0,0.0,0.0,0.0,0.0,0.0,27.44601113832013,2.0,0k - 140k,Wales,Urban,Labour
NI district,"Armagh City, Banbridge and Craigavon Borough Council",ABC,0.0,0.0,0.0,0.0,0.0,0.0,0.0,0.0,0.0,0.0,0.0,,,,Northern Ireland,Sparse and rural,
Unitary authority,Stoke-on-Trent City Council,STE,0.0,0.0,0.0,0.0,0.0,0.0,0.0,0.0,0.0,0.0,0.0,34.85016334275965,1.0,210k - 290k,West Midlands,Urban,Coalition/Minority
Scottish unitary authority,Clackmannanshire Council,CLK,0.0,0.0,0.0,0.0,0.0,0.0,0.0,0.0,0.0,0.0,0.0,23.74116642656027,3.0,0k - 140k,Scotland,Rural,Coalition/Minority
Combined authority,Cambridgeshire and Peterborough Combined Authority,CPCA,0.0,0.0,0.0,0.0,0.0,0.0,0.0,0.0,0.0,0.0,0.0,,,,East,,
Non-metropolitan district,Dartford Borough Council,DAR,0.0,0.0,0.0,0.0,0.0,0.0,0.0,0.0,0.0,0.0,0.0,19.4668279665382,2.0,110k - 120k,South East,Urban,Conservative
Unitary authority,Derby City Council,DER,0.0,0.0,0.0,0.0,0.0,0.0,0.0,0.0,0.0,0.0,0.0,26.783834163745343,2.0,210k - 290k,East Midlands,Urban,Coalition/Minority
Metropolitan district,Dudley Metropolitan Borough Council,DUD,0.0,0.0,0.0,0.0,0.0,0.0,0.0,0.0,0.0,0.0,0.0,24.40006177937537,3.0,290k - 410k,West Midlands,Urban,Conservative
Non-metropolitan district,Eden District Council,EDN,0.0,0.0,0.0,0.0,0.0,0.0,0.0,0.0,0.0,0.0,0.0,16.23796685632734,3.0,50k - 80k,North West,Sparse and rural,Coalition/Minority
Non-metropolitan district,Erewash Borough Council,ERE,0.0,0.0,0.0,0.0,0.0,0.0,0.0,0.0,0.0,0.0,0.0,18.918329432873065,2.0,110k - 120k,East Midlands,Urban,Conservative
Unitary authority,East Riding of Yorkshire Council,ERY,0.0,0.0,0.0,0.0,0.0,0.0,0.0,0.0,0.0,0.0,0.0,15.56265249008568,5.0,290k - 410k,Yorkshire and The Humber,Urban with rural areas,Conservative
Non-metropolitan district,East Suffolk Council,ESK,0.0,0.0,0.0,0.0,0.0,0.0,0.0,0.0,0.0,0.0,0.0,19.65232907749106,2.0,170k - 250k,East of England,Urban with rural areas,Conservative
County,Essex County Council,ESS,0.0,0.0,0.0,0.0,0.0,0.0,0.0,0.0,0.0,0.0,0.0,17.309280024821412,1.0,1m +,East of England,,Conservative
Non-metropolitan district,Fenland District Council,FEN,0.0,0.0,0.0,0.0,0.0,0.0,0.0,0.0,0.0,0.0,0.0,25.618472380952376,1.0,90k - 100k,East of England,Urban with rural areas,Conservative
Welsh unitary authority,Flintshire County Council,FLN,0.0,0.0,0.0,0.0,0.0,0.0,0.0,0.0,0.0,0.0,0.0,19.272157952381853,4.0,140k - 210k,Wales,Urban with rural areas,Coalition/Minority
Non-metropolitan district,Fylde Borough Council,FYL,0.0,0.0,0.0,0.0,0.0,0.0,0.0,0.0,0.0,0.0,0.0,15.85774029462738,3.0,80k - 90k,North West,Urban with rural areas,Conservative
Non-metropolitan district,Gloucester City Council,GLO,0.0,0.0,0.0,0.0,0.0,0.0,0.0,0.0,0.0,0.0,0.0,21.93664842636764,1.0,120k - 130k,South West,Urban,Conservative
Non-metropolitan district,Great Yarmouth Borough Council,GRY,0.0,0.0,0.0,0.0,0.0,0.0,0.0,0.0,0.0,0.0,0.0,33.29233555810581,1.0,90k - 100k,East of England,Urban with rural areas,Conservative
Welsh unitary authority,Gwynedd Council,GWN,0.0,0.0,0.0,0.0,0.0,0.0,0.0,0.0,0.0,0.0,0.0,20.5940102958432,4.0,0k - 140k,Wales,Rural,Plaid Cymru
Metropolitan district,Coventry City Council,COV,0.0,0.0,0.0,0.0,0.0,0.0,0.0,0.0,0.0,0.0,0.0,26.03264564318032,2.0,290k - 410k,West Midlands,Urban,Labour
Non-metropolitan district,Chorley Borough Council,CHO,0.0,0.0,0.0,0.0,0.0,0.0,0.0,0.0,0.0,0.0,0.0,17.007317334370985,3.0,120k - 130k,North West,Urban with rural areas,Labour
London borough,London Borough of Havering,HAV,0.0,0.0,0.0,0.0,0.0,0.0,0.0,0.0,0.0,0.0,0.0,17.063034509462465,4.0,210k - 290k,London,Urban,Coalition/Minority
NI district,Causeway Coast and Glens Borough Council,CCG,0.0,0.0,0.0,0.0,0.0,0.0,0.0,0.0,0.0,0.0,0.0,,,,Northern Ireland,Sparse and rural,
Welsh unitary authority,Isle of Anglesey County Council,AGY,0.0,0.0,0.0,0.0,0.0,0.0,0.0,0.0,0.0,0.0,0.0,22.20598960732711,3.0,0k - 140k,Wales,Rural,Coalition/Minority
NI district,Antrim and Newtownabbey Borough Council,ANN,0.0,0.0,0.0,0.0,0.0,0.0,0.0,0.0,0.0,0.0,0.0,,,,Northern Ireland,Urban with rural areas,
Scottish unitary authority,Angus Council,ANS,0.0,0.0,0.0,0.0,0.0,0.0,0.0,0.0,0.0,0.0,0.0,16.49586132706947,4.0,0k - 140k,Scotland,Urban with rural areas,Coalition/Minority
Non-metropolitan district,Arun District Council,ARU,0.0,0.0,0.0,0.0,0.0,0.0,0.0,0.0,0.0,0.0,0.0,18.664629393249488,2.0,140k - 160k,South East,Urban,Coalition/Minority
Non-metropolitan district,Ashfield District Council,ASH,0.0,0.0,0.0,0.0,0.0,0.0,0.0,0.0,0.0,0.0,0.0,26.403706343126057,1.0,120k - 130k,East Midlands,Urban,Independent
Non-metropolitan district,Bassetlaw District Council,BAE,0.0,0.0,0.0,0.0,0.0,0.0,0.0,0.0,0.0,0.0,0.0,22.776074068398337,1.0,110k - 120k,East Midlands,Urban with rural areas,Labour
London borough,London Borough of Bexley,BEX,0.0,0.0,0.0,0.0,0.0,0.0,0.0,0.0,0.0,0.0,0.0,16.458360961306877,4.0,210k - 290k,London,Urban,Conservative
Welsh unitary authority,Bridgend County Borough Council,BGE,0.0,0.0,0.0,0.0,0.0,0.0,0.0,0.0,0.0,0.0,0.0,25.178229360809706,3.0,140k - 210k,Wales,Urban with rural areas,Coalition/Minority
London borough,London Borough of Barnet,BNE,0.0,0.0,0.0,0.0,0.0,0.0,0.0,0.0,0.0,0.0,0.0,16.202091984974825,5.0,290k - 410k,London,Urban,Conservative
Metropolitan district,Bolton Metropolitan Borough Council,BOL,0.0,0.0,0.0,0.0,0.0,0.0,0.0,0.0,0.0,0.0,0.0,31.130111208485506,1.0,290k - 410k,North West,Urban,Coalition/Minority
Non-metropolitan district,Breckland District Council,BRE,0.0,0.0,0.0,0.0,0.0,0.0,0.0,0.0,0.0,0.0,0.0,19.83135150891632,2.0,140k - 160k,East of England,Sparse and rural,Conservative
Non-metropolitan district,Brentwood Borough Council,BRW,0.0,0.0,0.0,0.0,0.0,0.0,0.0,0.0,0.0,0.0,0.0,10.053735903195232,5.0,50k - 80k,East of England,Urban with rural areas,Conservative
Non-metropolitan district,Burnley Borough Council,BUN,0.0,0.0,0.0,0.0,0.0,0.0,0.0,0.0,0.0,0.0,0.0,38.55430196806119,1.0,80k - 90k,North West,Urban,Coalition/Minority
Non-metropolitan district,Cannock Chase District Council,CAN,0.0,0.0,0.0,0.0,0.0,0.0,0.0,0.0,0.0,0.0,0.0,20.4591539667732,2.0,90k - 100k,West Midlands,Urban,Conservative
Non-metropolitan district,Castle Point Borough Council,CAS,0.0,0.0,0.0,0.0,0.0,0.0,0.0,0.0,0.0,0.0,0.0,16.821148114543682,3.0,80k - 90k,East of England,Urban,Conservative
Unitary authority,Halton Borough Council,HAL,0.0,0.0,0.0,0.0,0.0,0.0,0.0,0.0,0.0,0.0,0.0,32.336525368982315,1.0,0k - 140k,North West,Urban,Labour
London borough,London Borough of Hackney,HCK,0.0,0.0,0.0,0.0,0.0,0.0,0.0,0.0,0.0,0.0,0.0,32.56071419678428,1.0,210k - 290k,London,Urban,Labour
Non-metropolitan district,Spelthorne Borough Council,SPE,0.0,0.0,0.0,0.0,0.0,0.0,0.0,0.0,0.0,0.0,0.0,14.995468100236373,3.0,90k - 100k,South East,Urban,Coalition/Minority
Non-metropolitan district,North Norfolk District Council,NNO,0.0,0.0,0.0,0.0,0.0,0.0,0.0,0.0,0.0,0.0,0.0,20.96941933668457,2.0,110k - 120k,East of England,Sparse and rural,Liberal Democrat
Metropolitan district,North Tyneside Council,NTY,0.0,0.0,0.0,0.0,0.0,0.0,0.0,0.0,0.0,0.0,0.0,22.17242512012235,3.0,140k - 210k,North East,Urban,Labour
Non-metropolitan district,Nuneaton and Bedworth Borough Council,NUN,0.0,0.0,0.0,0.0,0.0,0.0,0.0,0.0,0.0,0.0,0.0,23.63120252842944,1.0,120k - 130k,West Midlands,Urban,Conservative
Non-metropolitan district,North Warwickshire Borough Council,NWA,0.0,0.0,0.0,0.0,0.0,0.0,0.0,0.0,0.0,0.0,0.0,18.087558761338563,2.0,50k - 80k,West Midlands,Rural,Conservative
Welsh unitary authority,Powys County Council,POW,0.0,0.0,0.0,0.0,0.0,0.0,0.0,0.0,0.0,0.0,0.0,19.609055616431394,4.0,0k - 140k,Wales,Sparse and rural,Coalition/Minority
Non-metropolitan district,Preston City Council,PRE,0.0,0.0,0.0,0.0,0.0,0.0,0.0,0.0,0.0,0.0,0.0,29.614644727005984,1.0,140k - 160k,North West,Urban,Labour
Welsh unitary authority,Rhondda Cynon Taf County Borough Council,RCT,0.0,0.0,0.0,0.0,0.0,0.0,0.0,0.0,0.0,0.0,0.0,30.521077598991763,1.0,210k - 290k,Wales,Urban with rural areas,Labour
Non-metropolitan district,Redditch Borough Council,RED,0.0,0.0,0.0,0.0,0.0,0.0,0.0,0.0,0.0,0.0,0.0,22.54283802676488,1.0,80k - 90k,West Midlands,Urban,Conservative
Scottish unitary authority,Renfrewshire Council,RFW,0.0,0.0,0.0,0.0,0.0,0.0,0.0,0.0,0.0,0.0,0.0,22.08637585152013,3.0,140k - 210k,Scotland,Urban,Coalition/Minority
Non-metropolitan district,Ribble Valley Borough Council,RIB,0.0,0.0,0.0,0.0,0.0,0.0,0.0,0.0,0.0,0.0,0.0,10.59807881684404,5.0,50k - 80k,North West,Rural,Conservative
Non-metropolitan district,Rugby Borough Council,RUG,0.0,0.0,0.0,0.0,0.0,0.0,0.0,0.0,0.0,0.0,0.0,14.127847716528208,4.0,110k - 120k,West Midlands,Urban with rural areas,Conservative
Non-metropolitan district,Selby District Council,SEL,0.0,0.0,0.0,0.0,0.0,0.0,0.0,0.0,0.0,0.0,0.0,12.8220422644008,4.0,80k - 90k,Yorkshire and The Humber,Rural,Conservative
Metropolitan district,Sheffield City Council,SHF,0.0,0.0,0.0,0.0,0.0,0.0,0.0,0.0,0.0,0.0,0.0,27.29229006776061,2.0,440k - 640k,Yorkshire and The Humber,Urban,Coalition/Minority
Metropolitan district,St Helens Council,SHN,0.0,0.0,0.0,0.0,0.0,0.0,0.0,0.0,0.0,0.0,0.0,31.78825867596977,1.0,140k - 210k,North West,Urban,Labour
Non-metropolitan district,South Holland District Council,SHO,0.0,0.0,0.0,0.0,0.0,0.0,0.0,0.0,0.0,0.0,0.0,17.810919731843104,2.0,90k - 100k,East Midlands,Rural,Conservative
Non-metropolitan district,South Oxfordshire District Council,SOX,0.0,0.0,0.0,0.0,0.0,0.0,0.0,0.0,0.0,0.0,0.0,8.45337051324468,5.0,140k - 160k,South East,Urban with rural areas,Coalition/Minority
Combined authority,North of Tyne Combined Authority,NTCA,0.0,0.0,0.0,0.0,0.0,0.0,0.0,0.0,0.0,0.0,0.0,,,,North East,,
NI district,"Newry, Mourne and Down District Council",NMD,0.0,0.0,0.0,0.0,0.0,0.0,0.0,0.0,0.0,0.0,0.0,,,,Northern Ireland,Sparse and rural,
Scottish unitary authority,The Highland Council,HLD,0.0,0.0,0.0,0.0,0.0,0.0,0.0,0.0,0.0,0.0,0.0,17.857337663699248,4.0,210k - 290k,Scotland,Sparse and rural,Coalition/Minority
County,Norfolk County Council,NFK,0.0,0.0,0.0,0.0,0.0,0.0,0.0,0.0,0.0,0.0,0.0,21.05221602667658,1.0,800k - 1m,East of England,,Conservative
Unitary authority,Hartlepool Borough Council,HPL,0.0,0.0,0.0,0.0,0.0,0.0,0.0,0.0,0.0,0.0,0.0,34.96067646776209,1.0,0k - 140k,North East,Urban,Coalition/Minority
Non-metropolitan district,Huntingdonshire District Council,HUN,0.0,0.0,0.0,0.0,0.0,0.0,0.0,0.0,0.0,0.0,0.0,12.575762456240904,4.0,170k - 250k,East of England,Rural,Conservative
Non-metropolitan district,Hyndburn Borough Council,HYN,0.0,0.0,0.0,0.0,0.0,0.0,0.0,0.0,0.0,0.0,0.0,34.682468911565465,1.0,80k - 90k,North West,Urban,Labour
Unitary authority,Council of the Isles of Scilly,IOS,0.0,0.0,0.0,0.0,0.0,0.0,0.0,0.0,0.0,0.0,0.0,12.005,5.0,0k - 140k,South West,Sparse and rural,Independent
Metropolitan district,Kirklees Council,KIR,0.0,0.0,0.0,0.0,0.0,0.0,0.0,0.0,0.0,0.0,0.0,25.35840253577301,3.0,440k - 640k,Yorkshire and The Humber,Urban,Coalition/Minority
County,Lancashire County Council,LAN,0.0,0.0,0.0,0.0,0.0,0.0,0.0,0.0,0.0,0.0,0.0,21.94435771390498,1.0,1m +,North West,,Conservative
NI district,Lisburn and Castlereagh City Council,LBC,0.0,0.0,0.0,0.0,0.0,0.0,0.0,0.0,0.0,0.0,0.0,,,,Northern Ireland,Urban with rural areas,
Non-metropolitan district,Lichfield District Council,LIF,0.0,0.0,0.0,0.0,0.0,0.0,0.0,0.0,0.0,0.0,0.0,12.620515330864102,4.0,110k - 120k,West Midlands,Urban with rural areas,Conservative
Scottish unitary authority,Aberdeenshire Council,ABD,0.0,0.0,0.0,0.0,0.0,0.0,0.0,0.0,0.0,0.0,0.0,12.040376207361149,5.0,210k - 290k,Scotland,Sparse and rural,Coalition/Minority
Non-metropolitan district,Maldon District Council,MAL,0.0,0.0,0.0,0.0,0.0,0.0,0.0,0.0,0.0,0.0,0.0,14.276034547022762,3.0,50k - 80k,East of England,Rural,Independent
NI district,Mid and East Antrim Borough Council,MEA,0.0,0.0,0.0,0.0,0.0,0.0,0.0,0.0,0.0,0.0,0.0,,,,Northern Ireland,Urban with rural areas,
NI district,Mid Ulster District Council,MUL,0.0,0.0,0.0,0.0,0.0,0.0,0.0,0.0,0.0,0.0,0.0,,,,Northern Ireland,Sparse and rural,
Combined authority,North East Combined Authority,NECA,0.0,0.0,0.0,0.0,0.0,0.0,0.0,0.0,0.0,0.0,0.0,,,,North East,,
Unitary authority,North East Lincolnshire Council,NEL,0.0,0.0,0.0,0.0,0.0,0.0,0.0,0.0,0.0,0.0,0.0,31.342407130725817,1.0,140k - 210k,Yorkshire and The Humber,Urban,Conservative
Non-metropolitan district,New Forest District Council,NEW,0.0,0.0,0.0,0.0,0.0,0.0,0.0,0.0,0.0,0.0,0.0,13.026396071876768,4.0,170k - 250k,South East,Urban with rural areas,Conservative
Scottish unitary authority,Shetland Islands Council,ZET,0.0,0.0,0.0,0.0,0.0,0.0,0.0,0.0,0.0,0.0,0.0,13.89227279320911,5.0,0k - 140k,Scotland,Sparse and rural,Independent
